ward_no,canonical_name,wo_name_as_published,complaints,resolved,resolution_rate,complaints_2020,complaints_2024,spend_total,spend_per_complaint,Buildings and Facilities,Drainage,Others,Roads and Drains,Roads and Infrastructure,Streetlighting,Surveillance,Waste Management,Water and Sanitation
1,Kempegowda Ward,KempegowdWard,3053.0,2964.0,0.9708483458892893,427.0,981.0,1100753476,360548.14150016377,141714288,73258319,98567348,383872877.0,313879167,47344557,1543810.0,1185000.0,39388110
2,Chowdeswari Ward,ChowdeswarWard,1375.0,1298.0,0.944,237.0,364.0,1065386550,774826.5818181818,49708256,48924206,50944104,298001560.0,516590900,18474240,967033.0,524472.0,81251779
3,Atturu,Atturu,,,,,,3503239425,,100736155,269476476,546358720,504706612.0,1906091992,67097554,2996046.0,9999641.0,95776229
4,Yelahanka Satellite Town,YelahankSatellitTown,3712.0,3580.0,0.9644396551724138,694.0,887.0,1577078301,424859.4560883621,434110560,8234159,166079129,394861347.0,447678340,65841498,17193250.0,0.0,43080018
5,Jakkuru,Jakkuru,10040.0,9704.0,0.9665338645418327,1092.0,3765.0,1974729447,196686.1999003984,73201932,29930428,183995045,583177272.0,656923318,52800076,28221634.0,104631171.0,261848571
6,Thanisandra,Thanisandra,12124.0,11678.0,0.9632134609039921,1446.0,3533.0,1223981710,100955.2713625866,34725934,81567265,117212586,545577826.0,260805552,29647334,999008.0,11348266.0,142097939
7,Byatarayanapura,Byatarayanapura,6314.0,5922.0,0.9379157427937915,1026.0,1687.0,1169750693,185263.01757998098,84664617,95182617,177304961,448694340.0,228071452,25064637,3923915.0,36708518.0,70135636
8,Kodigehalli,Kodigehalli,5222.0,5067.0,0.9703178858674837,554.0,1957.0,816883033,156431.0672156262,44357157,104321945,240015062,140719750.0,185282725,33314250,831600.0,22825074.0,45215470
9,Vidyaranyapura,Vidyaranyapura,8457.0,8183.0,0.9676008040676363,1305.0,2380.0,692210164,81850.55740806433,60348952,41328756,17037749,319854936.0,200886393,23042825,999007.0,0.0,28711546
10,Dodda Bommasandra,DoddBommasandra,1644.0,1571.0,0.9555961070559611,239.0,594.0,497994556,302916.39659367397,2228000,22811025,190573126,169963992.0,76143996,12036769,999007.0,6389837.0,16848804
11,Kuvempu Nagar,KuvempNagar,3905.0,3768.0,0.9649167733674776,493.0,1533.0,633569558,162245.72548015366,69790435,74498015,39501908,293363443.0,105886910,19204968,3993945.0,1499745.0,25830189
12,Shettihalli,Shettihalli,5675.0,5402.0,0.9518942731277533,690.0,1729.0,990941541,174615.24951541852,20967900,61654923,39069170,260955777.0,494223405,16755763,988580.0,4328582.0,91997441
13,Mallasandra,Mallasandra,1335.0,1270.0,0.951310861423221,208.0,411.0,947473789,709718.1940074906,110184089,64612020,197742684,16616980.0,435965651,12640948,33248671.0,4996725.0,71466021
14,Bagalakunte,Bagalakunte,4739.0,4605.0,0.9717239924034606,708.0,1268.0,811664511,171273.37223042836,14548031,89626440,75891478,208945538.0,360778278,9752673,11544589.0,0.0,40577484
15,T Dasarahalli,Dasarahalli,1366.0,1295.0,0.9480234260614934,150.0,444.0,281815045,206306.76793557833,4069630,34674384,13004246,9643869.0,197218888,2696361,994920.0,3494676.0,16018071
16,Jalahalli,Jalahalli,1497.0,1360.0,0.9084836339345357,333.0,389.0,311894152,208346.12692050767,50177664,3300759,24824740,101308482.0,55330050,30196431,1038676.0,1527549.0,44189801
17,J P Park,Park,1812.0,1701.0,0.9387417218543046,358.0,488.0,1198964158,661679.9988962472,192807782,30445662,114768684,227766425.0,515586998,29964595,0.0,0.0,87624012
18,Radhakrishna Temple Ward,RadhakrishnTemplWard,3103.0,2938.0,0.9468256525942637,527.0,967.0,874593877,281854.2948759265,61773412,100625580,40849369,145544915.0,367087844,45055418,3149175.0,18534823.0,91973341
19,SanJayanagar,SanjayNagar,3339.0,3214.0,0.9625636418089248,465.0,1258.0,481965543,144344.27762803235,119368740,21615755,13778687,76527804.0,158463089,568572,9260286.0,0.0,82382610
20,Ganga Nagar,GangNagar,1577.0,1504.0,0.953709575142676,188.0,488.0,339550037,215313.91058972734,13250564,17860606,32572475,49393969.0,170028758,33350321,1926916.0,0.0,21166428
21,Hebbala,Hebbala,2699.0,2567.0,0.9510929974064468,441.0,1034.0,684575763,253640.51982215635,70259545,18174837,54958893,245254149.0,196703086,13985938,8180311.0,0.0,77059004
22,Vishwanath Nagenahalli,VishwanatNagenahalli,4767.0,4661.0,0.9777637927417663,384.0,1868.0,710774704,149103.14747220473,7777744,101350324,27593424,148976766.0,317737884,13582301,1935151.0,1447646.0,90373464
23,Nagavara,Nagavara,2268.0,2150.0,0.9479717813051146,265.0,694.0,604869814,266697.4488536155,17083127,102109602,43122065,257248257.0,144467284,25737673,999634.0,3675855.0,10426317
24,HBR Layout,HBLayout,6961.0,6592.0,0.9469903749461285,1024.0,2028.0,612375715,87972.3768136762,57538533,27341563,146035290,176568356.0,159503181,16779357,11245310.0,1398094.0,15966031
25,Horamavu,Horamavu,14045.0,13282.0,0.9456746173015308,2801.0,4146.0,4364315905,310738.04948380205,42437182,31904399,239808646,394281113.0,1915944121,91294485,0.0,1481962.0,1647163997
26,Ramamurthy Nagar,RamamurthNagar,9210.0,8535.0,0.9267100977198697,1642.0,2646.0,2241516755,243378.5836047774,35945869,130684242,86381769,353844091.0,719766363,75122475,4271424.0,0.0,835500522
27,Banasavadi,Banasavadi,7565.0,7188.0,0.9501652346331791,1165.0,2454.0,536289328,70890.85631196298,54947139,77127702,35519322,114759513.0,205506547,16352278,2832439.0,4401389.0,24842999
28,Kammanahalli,Kammanahalli,1686.0,1610.0,0.9549228944246738,243.0,552.0,444786634,263811.76393831556,4941772,55317055,36003410,175284834.0,123270637,13475650,8918223.0,5822660.0,21752393
29,Kacharkanahalli,Kacharkanahalli,2156.0,2069.0,0.9596474953617811,387.0,774.0,1042199670,483395.02319109463,56637835,92444247,40636501,203244821.0,477648070,42343964,56235290.0,1975271.0,71033671
30,Kadugondanahalli,Kadugondanahalli,1466.0,1433.0,0.9774897680763983,226.0,542.0,377435155,257459.17803547066,18420137,35266644,25357324,106356616.0,111883298,41407948,3452168.0,6379291.0,28911729
31,Kushal Nagar,KushaNagar,900.0,882.0,0.98,107.0,314.0,447117314,496797.0155555556,9618071,44985532,16097591,190464352.0,117838241,20076407,9046575.0,944154.0,38046391
32,Kaval Bairasandra,KavaBairasandra,6644.0,6489.0,0.9766706803130644,834.0,2783.0,881619770,132694.1255267911,115539214,120801813,61835403,154888236.0,325427936,17617450,11444512.0,0.0,74065206
33,Manorayana Palya,Manorayanapalya,2625.0,2555.0,0.9733333333333334,240.0,1086.0,780257502,297240.9531428571,18147838,125917351,56467423,215478430.0,166331398,56217223,13266517.0,1457577.0,126973745
34,Gangenahalli,Gangenahalli,1000.0,959.0,0.959,135.0,260.0,153108856,153108.856,4505118,8903165,14054191,10589659.0,68025840,18655097,931000.0,0.0,27444786
35,Aramane Nagara,AramanNagara,2026.0,1883.0,0.9294175715695953,346.0,604.0,622356202,307184.6999012833,234472228,15788924,97232635,75896048.0,151914221,22641840,831559.0,7659937.0,15918810
36,Mattikere,Mattikere,1561.0,1461.0,0.9359385009609225,229.0,492.0,168556257,107979.66495836002,6794090,14189126,14627728,0.0,80059448,13720703,1001931.0,9060217.0,29103014
37,Yeshwanthpura,Yeshwanthpura,1075.0,1006.0,0.935813953488372,144.0,339.0,587924746,546906.7404651162,55307586,17913721,269946180,17700734.0,208207064,9414871,1047860.0,0.0,8386730
38,HMT Ward,HMWard,1613.0,1346.0,0.8344699318040918,260.0,436.0,757427370,469576.7947923125,58793911,22778026,246358080,287045112.0,106689760,14244583,0.0,16235463.0,5282435
39,Chokkasandra,Chokkasandra,2635.0,2497.0,0.9476280834914611,401.0,687.0,406659556,154330.00227703984,22542750,45775527,17525755,133736696.0,131428849,20165417,1484088.0,0.0,34000474
40,Dodda Bidarakallu,DoddBidarakallu,7797.0,7492.0,0.9608823906630756,780.0,2524.0,3665501169,470116.8614851866,38438793,160381217,342012260,1007146694.0,1911379012,29756170,927574.0,6332214.0,169127235
41,Peenya Industrial Area,PeenyIndustriaArea,1992.0,1861.0,0.9342369477911646,280.0,707.0,466151633,234011.8639558233,15132296,36977373,57471323,4876271.0,310522406,7597076,11177507.0,6453003.0,15944378
42,Lakshmi Devi Nagar,LakshmDevNagar,535.0,497.0,0.9289719626168225,90.0,166.0,818232326,1529406.2168224298,6770597,28091584,299122663,144863859.0,259054777,22055203,1047887.0,20956925.0,36268831
43,Nandini Layout,NandinLayout,2055.0,1981.0,0.9639902676399027,291.0,634.0,1997137632,971843.1299270072,304807307,150290961,285299848,465772580.0,667057887,18226458,31450356.0,2440177.0,71792058
44,Marappana Palya,MarappanPalya,1202.0,1143.0,0.9509151414309485,230.0,334.0,1169437479,972909.7163061564,197949315,187290497,216419717,68405950.0,389983564,37175287,14856141.0,4981153.0,52375855
45,Malleshwaram,Malleswaram,2358.0,2240.0,0.9499575911789653,378.0,817.0,689920467,292587.1361323155,108201510,19967878,230418184,100049179.0,177416448,14416525,831559.0,7664488.0,30954696
46,Jayachamarajendra Nagar,Jayachamarajendr Nagar,1811.0,1744.0,0.9630038652678078,241.0,539.0,428193481,236440.35394809497,16773847,27890583,50034232,54649079.0,212599776,14672992,9779049.0,0.0,41793923
47,Devara Jeevanahalli,DevarJeevanahalli,642.0,631.0,0.9828660436137072,80.0,201.0,826280390,1287041.105919003,24701142,73430715,151389212,158451523.0,315894742,14707714,17801587.0,0.0,69903755
48,Muneshwara Nagar,MuneshwarNagar,564.0,543.0,0.9627659574468085,72.0,187.0,459192588,814171.2553191489,13905872,175033089,15548620,117683520.0,63511025,6336682,8011954.0,3862657.0,55299169
49,Lingarajapura,Lingarajapura,1494.0,1442.0,0.965194109772423,215.0,455.0,313573250,209888.38688085676,12384400,44727575,37779828,19237617.0,142815907,25622671,0.0,3049864.0,27955388
50,Benniganahalli,Benniganahalli,3744.0,3401.0,0.9083867521367521,525.0,1221.0,402143309,107410.0718482906,44281509,68843937,18551615,44921833.0,180578518,27653851,1944000.0,1405078.0,13962968
51,Vijnanapura,Vijnanapura,2249.0,2082.0,0.9257447754557581,535.0,665.0,667293484,296706.75144508673,13541723,32923622,95521163,351689331.0,120156611,30821824,750000.0,0.0,21889210
52,KR Puram,Puram,4308.0,3724.0,0.8644382544103992,772.0,1276.0,924032576,214492.24141132776,28232387,67234573,173284937,175549266.0,382404835,58266502,15885831.0,0.0,23174245
53,Basavanapura,Basavanapura,5328.0,4802.0,0.9012762762762763,887.0,1284.0,1095666074,205643.0319069069,17601635,108640767,36828929,657694669.0,197854878,38188604,2694702.0,0.0,36161890
54,Hudi,Hudi,8537.0,8186.0,0.9588848541642263,1133.0,2884.0,1110225765,130048.7015344969,41208675,182081972,31306643,189550378.0,515450572,46586608,998233.0,2739740.0,100302944
55,Devasandra,Devasandra,1219.0,1127.0,0.9245283018867925,196.0,394.0,412064653,338034.99015586544,27273724,35170896,90288422,153410297.0,72309933,18966011,1707121.0,1185000.0,11753249
56,A Narayanapura,Narayanapura,2010.0,1856.0,0.9233830845771144,398.0,549.0,486626303,242102.6383084577,3892078,21771736,147795666,77908892.0,194857179,31516777,481446.0,0.0,8402529
57,C.V. Raman Nagar,RamaNagar,2451.0,2308.0,0.941656466748266,385.0,956.0,447269419,182484.4630762954,7207295,36180045,6200327,110920194.0,230418171,21839041,852848.0,0.0,33651498
58,New Tippa Sandra,NeTippasandara,3823.0,3663.0,0.9581480512686372,535.0,1310.0,382942794,100168.13863458017,28832215,49762955,16351656,67276587.0,184224782,12019326,1199376.0,4647797.0,18628100
59,Maruthi Seva Nagar,MaruthSevNagar,3167.0,3095.0,0.9772655509946322,392.0,1471.0,557310267,175974.19229554784,53204428,39599687,75117886,130707883.0,220814546,16957655,999333.0,1669734.0,18239115
60,Sagayara Puram,Sagayarapuram,1385.0,1327.0,0.9581227436823104,194.0,534.0,850970214,614418.9270758122,115790563,101785355,228103639,60377013.0,239848076,47347034,20195560.0,1488683.0,36034291
61,SK Garden,Garden,726.0,699.0,0.9628099173553719,96.0,208.0,581607600,801112.3966942149,26754992,55485311,30714283,146924217.0,248613812,13329278,1492600.0,199063.0,58094044
62,Ramaswamy Palya,RamaswamPalya,1043.0,1006.0,0.9645254074784276,148.0,279.0,785427204,753046.2166826462,38863235,91328564,56060993,230236093.0,269575163,40811530,1002893.0,7218041.0,50330692
63,Jaya Mahal,Jayamahal,1079.0,1020.0,0.9453197405004634,181.0,259.0,494032341,457861.2984244671,144274574,34820934,14078028,129586380.0,121634011,37315548,1482000.0,3387326.0,7453540
64,Raj Mahal Guttahalli,RajamahaGuttahalli,1373.0,1318.0,0.9599417334304443,224.0,408.0,446768462,325395.8208302986,49328461,32799519,65771550,1690980.0,271699666,13979897,2896505.0,6888485.0,1713399
65,Kadu Malleshwar Ward,KadMalleshwaWard,,,,,,548172422,,216010583,16630255,56753825,139877440.0,90775792,8248140,3987807.0,3494650.0,12393930
66,Subramanya Nagar,SubramanyNagar,1415.0,1362.0,0.9625441696113074,238.0,399.0,324194648,229112.8254416961,23832107,30548930,43645591,6840905.0,178571592,15115073,2407730.0,13454100.0,9778620
67,Nagapura,Nagapura,2595.0,2488.0,0.958766859344894,383.0,766.0,1323422175,509989.2774566474,200562501,156437938,276336558,16814445.0,527149099,18748915,37957960.0,4846882.0,84567877
68,Mahalakshmipuram,Mahalakshimpuram,1803.0,1699.0,0.942318358291736,365.0,495.0,1120633269,621538.1414309484,142727231,151006109,112487292,41215560.0,545792848,15754130,12992016.0,2662740.0,95995343
69,Laggere,Laggere,2468.0,2362.0,0.9570502431118314,381.0,715.0,1026180136,415794.22042139387,431068,32573604,307976810,403101835.0,255916056,14286871,1047887.0,0.0,10846005
70,Rajagopal Nagar,RajagopaNagar,1796.0,1733.0,0.9649220489977728,184.0,573.0,688526314,383366.54454342986,18142074,128779728,26797778,222133729.0,261892814,15418898,1456222.0,0.0,13905071
71,Hegganahalli,Hegganahalli,1843.0,1767.0,0.9587628865979382,159.0,624.0,750563451,407250.9229517092,11516347,49062874,37752452,285369984.0,329328091,15334609,1586189.0,0.0,20612905
72,Herohalli,Herohalli,6372.0,6087.0,0.9552730696798494,767.0,1929.0,2720926037,427012.8746076585,34464461,105642417,183929265,1634505704.0,522207045,25996328,5894937.0,6542168.0,201743712
73,Kottegepalya,Kottegepalya,6910.0,6518.0,0.9432706222865412,1093.0,2114.0,1441220109,208570.2039073806,91798695,324281871,52831712,241926908.0,658789843,33653685,1047887.0,2220078.0,34669430
74,Shakthi Ganapathi Nagar,ShakthGanapathNagar,1443.0,1407.0,0.975051975051975,209.0,462.0,711307407,492936.525987526,56150761,86264156,95864959,45597828.0,377716673,22047280,0.0,3821911.0,23843839
75,Shankar Matt,ShankaMatt,1699.0,1645.0,0.9682165979988229,235.0,510.0,630856373,371310.40200117714,61390628,107548047,107492153,34515440.0,201816970,14401036,47146849.0,915106.0,55630144
76,Gayithri Nagar,GayithrNagar,1308.0,1089.0,0.8325688073394495,353.0,332.0,217757106,166480.96788990826,15640401,58040765,66532541,4755615.0,52664353,2465721,1849575.0,5681900.0,10126235
77,Dattatreya Temple Ward,DattatreyTemple,1695.0,1662.0,0.9805309734513274,231.0,417.0,522345304,308168.32094395283,21709515,56318864,70350721,20374743.0,296762004,13800303,6965539.0,2499736.0,33563879
78,Pulakeshi Nagar,Pulikeshinagar,2160.0,2010.0,0.9305555555555556,339.0,615.0,578468412,267809.45,23856589,33111176,53588699,29528766.0,398673500,21329592,4537659.0,0.0,13842431
79,Sarvagna Nagar,SarvagnNagar,1430.0,1332.0,0.9314685314685315,180.0,421.0,431402564,301680.1146853147,46223166,48391906,22531590,800000.0,270666309,25411732,3384269.0,0.0,13993592
80,Hoysala Nagar,HoysalNagar,4265.0,4027.0,0.9441969519343494,598.0,1492.0,370442699,86856.43587338804,89498016,21720476,41762067,110137238.0,71538676,21087879,936080.0,0.0,13762267
81,Vijnana Nagar,VijnanNagar,4616.0,4237.0,0.917894280762565,808.0,1416.0,660873715,143170.21555459272,22555951,98471093,19575401,213403544.0,261589699,31763825,957288.0,0.0,12556914
82,Garudachar palya,GarudachaPlaya,2114.0,1973.0,0.9333017975402081,299.0,748.0,616225398,291497.3500473037,24437428,61725430,24027082,298559043.0,141737575,17231692,594692.0,11300936.0,36611520
83,Kadugodi,Kadugodi,3532.0,3273.0,0.9266704416761042,555.0,1150.0,587662543,166382.3734428086,5462414,11379299,6922024,75177153.0,430734212,18684993,0.0,1221907.0,38080541
84,Hagadur,Hagadur,4714.0,4290.0,0.9100551548578701,669.0,1697.0,735982551,156126.97305897326,20672509,133844568,37191496,109880568.0,297046489,73788316,5357879.0,6490016.0,51710710
85,Dodda Nekkundi,DoddNekkundi,7377.0,6962.0,0.9437440694049072,927.0,3148.0,387771061,52564.87203470245,7206800,25294301,20606708,140026203.0,148112054,26818095,0.0,703898.0,19003002
86,Marathahalli,Marathahalli,1863.0,1778.0,0.9543746645195921,234.0,637.0,379600929,203757.87922705314,4557165,58333988,9026884,151452482.0,109681409,12571335,8971662.0,0.0,25006004
87,HAL Airport,HAAirport,1179.0,1118.0,0.9482612383375743,219.0,403.0,325078003,275723.4970313825,19977323,27079517,17836071,153868952.0,69210368,22856278,711922.0,1475215.0,12062357
88,Jeevanbhima Nagar,JeevanbhimNagar,3488.0,3379.0,0.96875,541.0,1025.0,443710404,127210.55160550459,3465661,36270878,32858110,196101164.0,144295433,16269139,1468196.0,1534270.0,11447553
89,Jogupalya,Jogupalya,1846.0,1738.0,0.9414951245937161,236.0,774.0,414878583,224744.627843987,12220072,39182824,62520793,134079153.0,135192821,12421705,2265303.0,2091780.0,14904132
90,Halsoor,Halsoor,1632.0,1560.0,0.9558823529411765,276.0,428.0,553931321,339418.70159313723,2088592,23655828,40550953,291975846.0,164077269,21312931,2992030.0,1480400.0,5797472
91,Bharathi Nagar,BharathNagar,1314.0,1268.0,0.9649923896499238,178.0,416.0,310251011,236111.8805175038,15115763,17726164,61524411,30798730.0,180003214,1216814,813627.0,2056325.0,995963
92,Shivaji Nagar,ShivajNagar,968.0,948.0,0.9793388429752066,127.0,317.0,365273407,377348.56095041323,5372904,32776832,15530757,53890601.0,238766993,13895385,0.0,785196.0,4254739
93,Vasanth Nagar,VasantNagar,1769.0,1667.0,0.9423403052572075,243.0,489.0,174838013,98834.37704918033,15854871,38641805,17367776,0.0,95960738,336346,1878577.0,0.0,4797900
94,Gandhi Nagar,Gandhinagar,2634.0,2546.0,0.9665907365223994,346.0,662.0,557881723,211800.19855732727,76164548,70333405,44649119,879000.0,315476848,20486164,4809648.0,1290040.0,23792951
95,Subhash Nagar,SubhasNagar,374.0,341.0,0.9117647058823529,62.0,97.0,701015126,1874371.9946524063,16630463,55222575,46767057,0.0,547071073,9640734,0.0,3961536.0,21721688
96,Okalipuram,Okalipuram,612.0,593.0,0.9689542483660131,82.0,170.0,445206829,727462.1388888889,4067476,60087360,35244269,1636000.0,311874547,1041170,995082.0,741112.0,29519813
97,Dayananda Nagar,DayanandNagar,643.0,617.0,0.9595645412130638,79.0,203.0,318205184,494875.86936236394,16058556,29624247,49751723,51205122.0,144330808,7560700,2419543.0,592000.0,16662485
98,Prakash Nagar,PrakasNagar,686.0,661.0,0.9635568513119533,90.0,229.0,932540304,1359388.198250729,98670516,144673124,70643923,60086773.0,470616564,31235638,6618947.0,6268872.0,43725947
99,Rajaji Nagar,RajajNagar,1564.0,1480.0,0.9462915601023018,247.0,440.0,634449692,405658.3708439898,74394732,73165668,34251967,94930629.0,276594255,58075201,5827617.0,203430.0,17006193
100,Basaveshwara Nagar,BasaveshwarNagar,1391.0,1330.0,0.9561466570812365,214.0,349.0,362915915,260902.88641265276,18512129,148701720,20438948,12600120.0,145242415,4689474,0.0,4406400.0,8324709
101,Kamakshipalya,Kamakshipalya,1199.0,1127.0,0.9399499582985822,138.0,421.0,669982598,558784.4854045038,79952033,61787407,67392492,11794507.0,408535690,6101071,2470904.0,0.0,31948494
102,Vrisahbhavathi Nagar,VrisabhavathNagar,717.0,690.0,0.9623430962343096,96.0,208.0,1307600450,1823710.529986053,49550152,133183006,69135868,233830877.0,719850730,15140494,35714838.0,4685768.0,46508717
103,Kaveripura,Kaveripura,1133.0,1063.0,0.9382171226831421,198.0,337.0,1899373141,1676410.5392762576,353412582,367404379,97213197,331390438.0,612157032,21085135,2988395.0,0.0,113721983
104,Govindaraja Nagar,GovindarajNagar,1394.0,1320.0,0.9469153515064562,245.0,384.0,988274241,708948.5229555237,192513165,104834731,294218264,14895989.0,290129009,18809169,11347652.0,4241626.0,57284636
105,Agrahara Dasarahalli,AgraharDasarahalli,1135.0,1059.0,0.9330396475770925,197.0,268.0,1142246401,1006384.4942731278,223365991,80667447,526713905,0.0,246774383,8344297,11747307.0,617462.0,44015609
106,Dr.Raj Kumar Ward,DrRaKumaWard,1217.0,1138.0,0.9350862777321282,173.0,375.0,981317632,806341.5217748563,352465424,253145647,114959319,176800.0,182884805,42365266,999940.0,1989874.0,32330557
107,Shiva Nagar,Shivanagara,1335.0,1278.0,0.9573033707865168,128.0,417.0,627619391,470126.88464419474,52109777,77374931,56285343,36995524.0,323754033,53103019,999778.0,0.0,26996986
108,Sri Rama Mandir Ward,Sriramamandir,2123.0,2029.0,0.9557230334432407,285.0,610.0,245409037,115595.40131888837,21193009,42254610,22659259,2537774.0,120643694,10442449,6446872.0,469180.0,18762190
109,Chickpete,Chickpete,4219.0,4082.0,0.9675278502014696,401.0,1200.0,386096636,91513.77956861815,20380582,54810486,33873370,6108552.0,255733737,5740687,999125.0,681398.0,7768699
110,Sampangiram Nagar,SampangiraNagar,3052.0,2838.0,0.9298820445609436,518.0,846.0,317907885,104163.78931847968,44792836,17871666,112466967,5455048.0,114570444,10114875,995071.0,0.0,11640978
111,Shantala Nagar,ShantalNagar,4357.0,3864.0,0.886848749139316,751.0,1523.0,160623092,36865.52490245582,21929880,4005072,44170515,3891800.0,66362680,11812974,5119355.0,692610.0,2638206
112,Domlur,Domlur,1913.0,1825.0,0.9539989545216937,222.0,633.0,715568242,374055.5368531103,212030123,72109667,55387561,119665437.0,175773520,33970583,9950055.0,6972980.0,29708316
113,Konena Agrahara,KonenAgrahara,2430.0,2328.0,0.9580246913580247,333.0,844.0,584489620,240530.70781893004,15777163,19329670,24814868,103978750.0,384949676,6392508,8699535.0,2665323.0,17882127
114,Agaram,Agaram,1047.0,1001.0,0.956064947468959,143.0,354.0,123868165,118307.7029608405,16356728,8527340,10352148,4080280.0,65795981,13523143,837965.0,741380.0,3653200
115,Vannar Pet,Vannarpet,1959.0,1881.0,0.9601837672281777,260.0,736.0,186342557,95121.26442062277,37189549,11945550,16195325,28747965.0,68220204,2720439,5568365.0,997440.0,14757720
116,Nilasandra,Nilasandra,745.0,717.0,0.9624161073825503,60.0,205.0,193043446,259118.71946308724,2670170,13443103,13634787,25820740.0,108468508,12236833,0.0,3690955.0,13078350
117,Shanthi Nagar,ShanthNagar,2254.0,2158.0,0.9574090505767524,303.0,611.0,464547118,206098.98757763975,23142935,13354440,19868939,157947141.0,201995101,3809867,837020.0,4590730.0,39000945
118,Sudham Nagar,SudhaNagara,1489.0,1375.0,0.9234385493619879,202.0,485.0,451327951,303108.0933512424,26589111,100628697,61625784,0.0,177147840,20966815,10531600.0,0.0,53838104
119,Dharmaraya Swamy Temple,DharmaraySwamTemplwa,2578.0,2363.0,0.9166020170674942,336.0,952.0,371240586,144003.33048875097,50315730,28923460,73739794,0.0,190591000,1522071,9697500.0,0.0,16451031
120,Cottonpete,Cottonpete,1023.0,1003.0,0.9804496578690127,129.0,267.0,674703565,659534.2766373411,17578746,21892990,64401965,9101484.0,520367822,15025216,999635.0,1498222.0,23837485
121,Binni Pete,Binnipete,711.0,675.0,0.9493670886075949,108.0,241.0,386869979,544120.9268635724,998419,45975251,19122248,4980312.0,254417326,24766586,5439779.0,0.0,31170058
122,Kempapura Agrahara,KempapurAgrahara,717.0,685.0,0.9553695955369595,69.0,315.0,349310026,487182.7419804742,2016730,17020357,3440881,19425800.0,203300156,39650214,2359505.0,1225728.0,60870655
123,ViJayanagar,Vijayanagar,1984.0,1911.0,0.9632056451612904,213.0,691.0,242891835,122425.32006048386,8938894,50929241,71226969,0.0,53657571,33338083,3983875.0,0.0,20817202
124,Hosahalli,Hosahalli,1869.0,1781.0,0.9529159978598181,209.0,614.0,369665659,197787.93953986088,10064469,11080768,18268904,23259550.0,268848983,4908368,3987850.0,0.0,29246767
125,Marenahalli,Marenahalli,1257.0,1119.0,0.8902147971360382,248.0,332.0,585773746,466009.3444709626,142420810,41395853,78103002,29734561.0,243986728,14459365,16065368.0,0.0,19608059
126,Maruthi Mandir Ward,MaruthMandiward,1301.0,1217.0,0.93543428132206,214.0,374.0,630138369,484349.24596464256,261839589,41535594,118820987,52378960.0,75411455,22074153,25392063.0,999883.0,31685685
127,Mudalapalya,Mudalapalya,1223.0,1164.0,0.9517579721995094,223.0,251.0,1012143555,827590.8053965658,137296273,140405484,100425136,3847964.0,529611960,18467072,3892056.0,4941561.0,73256049
128,Nagarabhavi,Nagarabhavi,1752.0,1673.0,0.9549086757990868,275.0,451.0,1270653865,725259.0553652968,260703116,142706657,61770647,5633630.0,725498227,32096353,13144737.0,1236214.0,27864284
129,Jnana Bharathi Ward,JnanBharathward,15263.0,14485.0,0.9490270589006093,2220.0,4791.0,2356757591,154409.85330537902,112530551,570491712,41307806,435107447.0,1089251832,50007222,0.0,0.0,58061021
130,Ullalu,Ullalu,8733.0,8253.0,0.9450360700790107,961.0,3286.0,3468369993,397156.7609069048,129548238,158080842,233037845,1468069515.0,798840695,26253422,6715652.0,396383123.0,251440661
131,Nayandahalli,Nayandahalli,1015.0,945.0,0.9310344827586207,193.0,216.0,776877234,765396.2896551724,33712511,155237278,202570786,38492841.0,287884682,9200211,6494320.0,1379294.0,41905311
132,Attiguppe,Attiguppe,3492.0,3312.0,0.9484536082474226,339.0,1404.0,298171288,85386.9667812142,61695873,65663951,36195288,5022790.0,95446056,8523289,3996526.0,0.0,21627515
133,Hampi Nagar,HampNagar,2579.0,2485.0,0.9635517642497092,302.0,971.0,377085728,146213.9309810004,54428080,65558848,67883243,0.0,120169606,7395466,3900702.0,529051.0,57220732
134,Bapuji Nagar,BapujNagar,1295.0,1253.0,0.9675675675675676,116.0,447.0,165481483,127784.92895752896,716300,18890686,19457063,7883870.0,77103777,16188137,4402950.0,2143250.0,18695450
135,Padarayanapura,Padarayanapura,369.0,355.0,0.962059620596206,51.0,111.0,536587489,1454166.6368563685,54554579,54669292,75971686,129688679.0,159033580,16928205,3050636.0,0.0,42690832
136,Jagajivanaram Nagar,Jagajivanaramnagar,687.0,671.0,0.9767103347889374,61.0,305.0,946065659,1377097.0291120815,112172691,74389457,74945570,130434159.0,439560203,29042983,982972.0,0.0,84537624
137,Rayapuram,Rayapuram,562.0,547.0,0.9733096085409253,101.0,211.0,684754322,1218424.0604982206,54402711,40018884,131363340,7933542.0,237731560,16793632,17053259.0,0.0,179457394
138,Chelavadi Palya,Chalavadipalya,694.0,677.0,0.9755043227665706,50.0,227.0,391002766,563404.5619596542,37310576,62898363,57586629,0.0,182619786,6611369,3660327.0,0.0,40315716
139,KR Market,Market,931.0,853.0,0.916219119226638,127.0,254.0,775353544,832817.984962406,30448594,58811933,148609265,10799001.0,333080787,9059821,5200158.0,4900237.0,174443748
140,Chamraja Pet,Chamrajapet,1991.0,1929.0,0.9688598694123556,251.0,570.0,536727021,269576.60522350576,41705912,77240542,96602959,22196647.0,227566536,8507627,1936595.0,2758928.0,58211275
141,Azad Nagar,AzaNagar,924.0,903.0,0.9772727272727273,92.0,293.0,814072304,881030.632034632,75828682,29698929,96177472,0.0,370979819,10968053,18488490.0,1566850.0,210364009
142,Sunkenahalli,Sunkenahalli,3143.0,2918.0,0.928412344893414,442.0,917.0,404537466,128710.61597200127,22861863,48067210,15925879,0.0,269841074,14209613,9745500.0,0.0,23886327
143,Vishveshwara Puram,VishveshwarPuram,3170.0,2953.0,0.9315457413249212,377.0,971.0,283828879,89535.92397476341,39616935,92422022,36554718,0.0,84718977,1037953,10699800.0,518800.0,18259674
144,Siddapura,Siddapura,905.0,833.0,0.9204419889502763,61.0,424.0,575929497,636386.1845303867,14658162,179375928,50636324,50459830.0,213804901,35385052,720100.0,2943700.0,27945500
145,Hombegowda Nagar,HombegowdNagara,2582.0,2355.0,0.9120836560805577,331.0,921.0,255632359,99005.56119287373,19885986,31385250,30050721,0.0,135344363,22252289,829700.0,0.0,15884050
146,Lakkasandra,Lakkasandra,907.0,825.0,0.9095920617420066,106.0,358.0,296892033,327334.10474090406,5506407,60654440,41760709,0.0,142136055,16546802,993156.0,727238.0,28567226
147,Adugodi,Adugodi,1098.0,1064.0,0.9690346083788707,157.0,366.0,437638615,398577.97358834243,39905760,69078290,42742522,20685765.0,189597098,23905641,4314595.0,0.0,47408944
148,Ejipura,Ejipura,2441.0,2303.0,0.9434657927079066,380.0,686.0,449655882,184209.70176157312,32419794,17795398,31425357,55363435.0,250443380,10564441,6027232.0,0.0,45616845
149,Varthur,Varthuru,6139.0,5709.0,0.9299560188955855,1008.0,2017.0,1047780942,170676.15930933377,1727729,26410962,15107864,182593296.0,717892294,23248143,0.0,742051.0,80058603
150,Bellanduru,Bellanduru,10754.0,10208.0,0.9492281941603125,1539.0,3449.0,863688815,80313.2615770876,3256103,102131779,7593986,162795466.0,468402628,27238679,0.0,15123950.0,77146224
151,Koramangala,Koramangala,3907.0,3580.0,0.9163040696186332,652.0,1197.0,992022966,253909.1287432813,97724084,119322565,66074782,18956356.0,609698825,24918165,0.0,4451054.0,50877135
152,Suddagunte Palya,SuddaguntPalya,1728.0,1626.0,0.9409722222222222,227.0,702.0,425904380,246472.44212962964,25979151,103198821,26357155,5890531.0,222341835,10747933,997462.0,0.0,30391492
153,Jayanagar,Jayanagar,3861.0,3667.0,0.9497539497539498,412.0,1403.0,538847081,139561.53354053354,163112283,87335263,77474429,58079150.0,104418137,21287135,2209700.0,0.0,24930984
154,Basavanagudi,Basavanagudi,3137.0,2936.0,0.9359260439910743,448.0,906.0,339417383,108198.08192540644,83082692,51514143,98280583,0.0,74163143,10493735,994300.0,506576.0,20382211
155,Hanumanth Nagar,HanumantNagar,1826.0,1722.0,0.9430449069003286,315.0,532.0,362101438,198303.08762322014,174634498,22009010,13052866,10775500.0,105590728,8013375,759800.0,0.0,27265661
156,Sri Nagar,Srinagar,2317.0,2234.0,0.9641778161415624,243.0,756.0,298730209,128929.74061286145,108649648,15940213,22122935,48702445.0,77154675,5144952,821950.0,833000.0,19360391
157,Gali Anjenaya Temple Ward,GalAnjenayTemplward,1314.0,1257.0,0.95662100456621,143.0,485.0,492460620,374779.7716894977,12898763,104139130,36721247,38746324.0,237983743,11359739,3851005.0,4382189.0,42378480
158,Deepanjali Nagar,DeepanjalNagar,1596.0,1495.0,0.9367167919799498,227.0,480.0,226210590,141735.95864661655,10850769,40361004,32923923,4900840.0,88339650,5369888,3965204.0,1049931.0,38449381
159,Kengeri,Kengeri,4339.0,4051.0,0.933625259276331,400.0,1372.0,1558538193,359192.9460705232,65713892,62224570,108769574,637238933.0,289872433,13167371,5783498.0,323340882.0,52427040
160,Raja Rajeshawari Nagar,RajarajeshwarNagar,14425.0,13322.0,0.9235355285961871,2829.0,3714.0,2297358965,159262.3199306759,74531834,353480398,15845026,41987893.0,1729424800,20088612,408688.0,1472092.0,60119622
161,Hosakerehalli,Hosakerehalli,2374.0,2243.0,0.9448188711036226,419.0,566.0,453469615,191015.00210614997,74633182,33043077,44540454,85086174.0,176661686,15758829,843192.0,0.0,22903021
162,Giri Nagar,Girinagar,4730.0,4491.0,0.9494714587737844,584.0,1514.0,324921609,68693.78625792812,24122378,61226389,82654244,9565920.0,88199402,26506702,0.0,0.0,32646574
163,Katriguppe,Katriguppe,2572.0,2436.0,0.9471228615863142,348.0,729.0,448533599,174390.97939346812,75869644,63351637,79215098,0.0,170659485,15685215,4326951.0,5995092.0,33430477
164,Vidya Peeta Ward,Vidyapeetward,2504.0,2351.0,0.9388977635782748,277.0,948.0,437066161,174547.18889776358,140633707,98700686,73339100,5158160.0,58485620,28178879,0.0,0.0,32570009
165,Ganesh Mandir Ward,GanesMandiward,2529.0,2354.0,0.9308026888098062,373.0,776.0,630788119,249421.95294582838,193980728,48827977,88195510,17789020.0,245363165,24892964,971810.0,769825.0,9997120
166,Kari Sandra,Karisandra,1078.0,963.0,0.8933209647495362,162.0,342.0,499801694,463637.93506493507,159921479,24874664,50988181,31844905.0,188120352,13419084,2093135.0,2575514.0,25964380
167,Yediyur,Yediyur,1371.0,1283.0,0.9358132749817651,233.0,393.0,783448549,571443.1429613421,278857032,66899153,110590194,18689332.0,254540202,24099425,3704819.0,2300651.0,23767741
168,Pattabhi Ram Nagar,PattabhiraNagar,3538.0,3202.0,0.9050310910118711,596.0,1106.0,450027641,127198.31571509327,78203477,21154907,68231531,0.0,212229502,53131914,0.0,9974273.0,7102037
169,Byra Sandra,Byrasandra,2389.0,2250.0,0.941816659690247,248.0,818.0,611434287,255937.33235663458,120755407,35226174,170151478,820541.0,247740540,9518163,3322877.0,2752221.0,21146886
170,Jayanagar East,JayanagaEast,2031.0,1843.0,0.9074347612013787,259.0,662.0,287294205,141454.55686853768,80063649,21904439,22925683,0.0,139607312,12192872,0.0,590320.0,10009930
171,Gurappana Palya,Gurappanapalya,1372.0,1332.0,0.9708454810495627,149.0,423.0,379494053,276599.1639941691,23693042,70570360,18542365,1957646.0,168309266,41677105,6164699.0,5922212.0,42657358
172,Madivala,Madivala,2339.0,2169.0,0.927319367250962,372.0,742.0,581296499,248523.51389482684,61272229,123896006,52608661,21346521.0,252139880,22837386,5191251.0,272475.0,41732090
173,Jakka Sandra,Jakkasandra,1289.0,1214.0,0.9418153607447634,162.0,473.0,216789903,168184.56400310318,24720044,24697615,15865118,45736109.0,57951463,12837205,1876802.0,0.0,33105547
174,HSR Layout,HSLayout,8384.0,7568.0,0.9026717557251909,1681.0,2305.0,1492402702,178006.04747137404,108778654,673607639,59100360,393927120.0,209263810,24943311,809000.0,643477.0,21329331
175,Bommanahalli,Bommanahalli,2813.0,2676.0,0.9512975471027373,381.0,954.0,881034655,313201.08602915035,127656241,160988887,153950102,45182021.0,311862899,34615827,4564013.0,33165713.0,9048952
176,BTM Layout,BTLayout,5518.0,5130.0,0.9296846683581007,896.0,1929.0,824704672,149457.17143892715,37475119,156028189,31296212,18510781.0,536523857,12747742,2995449.0,0.0,29127323
177,JP Nagar,Nagar,4800.0,4338.0,0.90375,577.0,1756.0,499669214,104097.75291666666,24499927,6586433,29925074,24921448.0,361734649,23772561,999946.0,793251.0,26435925
178,Sarakki,Sarakki,3396.0,3162.0,0.931095406360424,459.0,1079.0,143936721,42384.19346289753,12405085,18113386,8457923,0.0,75406075,17623476,2186212.0,1123264.0,8621300
179,Shakambari Narar,ShakambarNagar,3017.0,2793.0,0.925754060324826,380.0,927.0,270359563,89612.05270135896,38403076,30032306,30908831,9875622.0,110641180,35637655,1494024.0,1441395.0,11925474
180,Banashankari Temple Ward,BanashankarTemplward,1257.0,1185.0,0.9427207637231504,87.0,547.0,298812247,237718.5735879077,17799801,37608286,41528950,47936425.0,98542326,2545319,2926667.0,18305861.0,31618612
181,Kumara Swamy Layout,KumaraswamLayout,4636.0,4370.0,0.9426229508196722,533.0,1690.0,537517315,115944.20081967213,74070908,84896014,44978547,66088521.0,232065030,23344882,10558228.0,0.0,1515185
182,Padmanabha Nagar,PadmanabhNagar,3655.0,3414.0,0.93406292749658,502.0,1310.0,438067385,119854.27770177838,69204357,40976849,88509827,67946173.0,149161095,17921560,1362250.0,0.0,2985274
183,Chikkala Sandra,Chikkalsandra,2266.0,2100.0,0.9267431597528685,372.0,554.0,295502445,130407.08075904677,64491419,24542907,23726632,12464980.0,155808196,5217284,762002.0,0.0,8489025
184,Uttarahalli,Uttarahalli,9981.0,9251.0,0.9268610359683398,1402.0,2667.0,2166895453,217102.0391744314,105833194,130503311,82606924,548762830.0,1122982074,25558858,5831368.0,545500.0,144271394
185,Yelchenahalli,Yelchenahalli,3641.0,3460.0,0.9502883823125515,535.0,1305.0,629326024,172844.2801428179,8201673,18403105,44815247,323249750.0,191777741,11141031,3534097.0,522000.0,27681380
186,Jaraganahalli,Jaraganahalli,1241.0,1152.0,0.9282836422240129,172.0,403.0,334029279,269161.38517324737,28685026,58821869,13237383,12828852.0,176175030,14400630,11468397.0,0.0,18412092
187,Puttenahalli,Puttenahalli,2981.0,2758.0,0.9251928882925193,525.0,773.0,1168112125,391852.44045622274,33124122,93504105,38352588,170846159.0,690351709,90631619,18091373.0,0.0,33210450
188,Bilekhalli,Bilekhalli,4598.0,4235.0,0.9210526315789473,793.0,1292.0,815903633,177447.50608960417,31329613,359572400,29676317,32206219.0,329228376,16660250,3392104.0,0.0,13838354
189,Honga Sandra,Hongasandra,2502.0,2426.0,0.9696243005595524,353.0,764.0,668598208,267225.5027977618,9406951,108245314,15199135,205400012.0,279676647,24120155,7536196.0,0.0,19013798
190,Mangammana Palya,Mangammanapalya,3332.0,3113.0,0.9342737094837935,726.0,1059.0,679239193,203853.29921968788,2448476,86853545,123916518,257664868.0,176415411,13616592,1570551.0,2642940.0,14110292
191,Singa Sandra,Singasandra,7672.0,7189.0,0.9370437956204379,1348.0,2051.0,1148056794,149642.43925964547,9139346,16029300,51142747,398922036.0,576233044,29734482,857300.0,2185600.0,63812939
192,Begur,Begur,13857.0,12887.0,0.9299992783430757,2054.0,3658.0,2013886640,145333.52385076135,41223674,72332192,68500457,831591773.0,848302630,26462510,898000.0,0.0,124575404
193,Arakere,Arakere,6009.0,5544.0,0.9226160758861708,1119.0,1637.0,708962334,117983.41387918123,21647380,50505717,38985766,14772737.0,528857465,20149147,1559813.0,0.0,32484309
194,Gottigere,Gottigere,7554.0,7139.0,0.9450622186920836,963.0,2746.0,1499826555,198547.33320095314,55820442,59052904,79381356,819213552.0,341853110,14793557,3045700.0,745000.0,125920934
195,Konankunte,Konankunte,5350.0,4911.0,0.9179439252336449,888.0,1620.0,711084962,132913.07700934578,10503995,22145708,29640750,447968580.0,153182090,24965394,3527425.0,0.0,19151020
196,Anjanapura,Anjanapura,4080.0,3656.0,0.8960784313725491,610.0,1219.0,2007067425,491928.29044117645,110949244,111592029,77589924,614964379.0,932285826,15405968,23447610.0,16998515.0,103833930
197,Vasanthpura,Vasanthpura,7997.0,7402.0,0.9255970989120921,1601.0,1935.0,1511083727,188956.32449668625,37991225,147780670,48812878,312044740.0,863945850,21770178,15017010.0,0.0,63721176
198,Hemmigepura,Hemmigepura,11691.0,10912.0,0.9333675476862544,1305.0,3716.0,2003097544,171336.71576426312,48975442,94554600,375623129,1011065368.0,291500833,34921448,896240.0,4704402.0,140856082
