ward_no,theme,complaints,resolved,spend,spend_per_complaint
1,Roads and Drains,409.0,394.0,383872877.0,938564.4914425428
2,Roads and Drains,278.0,260.0,298001560.0,1071948.0575539568
3,Roads and Drains,,,504706612.0,
4,Roads and Drains,416.0,404.0,394861347.0,949185.9302884615
5,Roads and Drains,1164.0,1104.0,583177272.0,501011.40206185565
6,Roads and Drains,1695.0,1566.0,545577826.0,321874.8235988201
7,Roads and Drains,941.0,808.0,448694340.0,476827.1413390011
8,Roads and Drains,783.0,755.0,140719750.0,179718.71008939974
9,Roads and Drains,862.0,799.0,319854936.0,371061.4106728538
10,Roads and Drains,194.0,171.0,169963992.0,876103.0515463918
11,Roads and Drains,478.0,427.0,293363443.0,613731.0523012553
12,Roads and Drains,853.0,799.0,260955777.0,305927.05392731534
13,Roads and Drains,148.0,139.0,16616980.0,112276.8918918919
14,Roads and Drains,749.0,733.0,208945538.0,278966.00534045394
15,Roads and Drains,174.0,159.0,9643869.0,55424.53448275862
16,Roads and Drains,304.0,286.0,101308482.0,333251.5855263158
17,Roads and Drains,248.0,236.0,227766425.0,918413.0040322581
18,Roads and Drains,363.0,330.0,145544915.0,400950.1790633609
19,Roads and Drains,315.0,302.0,76527804.0,242945.40952380953
20,Roads and Drains,264.0,250.0,49393969.0,187098.36742424243
21,Roads and Drains,475.0,456.0,245254149.0,516324.5242105263
22,Roads and Drains,496.0,459.0,148976766.0,300356.3830645161
23,Roads and Drains,291.0,232.0,257248257.0,884014.6288659794
24,Roads and Drains,1120.0,1014.0,176568356.0,157650.31785714286
25,Roads and Drains,2848.0,2759.0,394281113.0,138441.40203651684
26,Roads and Drains,1511.0,1382.0,353844091.0,234178.74983454664
27,Roads and Drains,947.0,888.0,114759513.0,121182.16789862725
28,Roads and Drains,166.0,150.0,175284834.0,1055932.7349397591
29,Roads and Drains,268.0,259.0,203244821.0,758376.1977611941
30,Roads and Drains,105.0,100.0,106356616.0,1012920.1523809524
31,Roads and Drains,86.0,82.0,190464352.0,2214701.7674418604
32,Roads and Drains,564.0,540.0,154888236.0,274624.5319148936
33,Roads and Drains,263.0,249.0,215478430.0,819309.6197718631
34,Roads and Drains,69.0,58.0,10589659.0,153473.3188405797
35,Roads and Drains,267.0,236.0,75896048.0,284254.86142322095
36,Roads and Drains,166.0,148.0,0.0,0.0
37,Roads and Drains,90.0,83.0,17700734.0,196674.82222222222
38,Roads and Drains,358.0,339.0,287045112.0,801801.9888268156
39,Roads and Drains,394.0,345.0,133736696.0,339433.2385786802
40,Roads and Drains,1304.0,1254.0,1007146694.0,772351.759202454
41,Roads and Drains,306.0,278.0,4876271.0,15935.52614379085
42,Roads and Drains,91.0,85.0,144863859.0,1591910.5384615385
43,Roads and Drains,237.0,225.0,465772580.0,1965285.147679325
44,Roads and Drains,116.0,102.0,68405950.0,589706.4655172414
45,Roads and Drains,338.0,329.0,100049179.0,296003.4881656805
46,Roads and Drains,178.0,159.0,54649079.0,307017.297752809
47,Roads and Drains,72.0,71.0,158451523.0,2200715.597222222
48,Roads and Drains,45.0,45.0,117683520.0,2615189.3333333335
49,Roads and Drains,139.0,125.0,19237617.0,138400.12230215827
50,Roads and Drains,544.0,472.0,44921833.0,82576.89889705883
51,Roads and Drains,331.0,270.0,351689331.0,1062505.5317220544
52,Roads and Drains,582.0,487.0,175549266.0,301631.0412371134
53,Roads and Drains,1059.0,945.0,657694669.0,621052.567516525
54,Roads and Drains,1766.0,1621.0,189550378.0,107333.16987542469
55,Roads and Drains,221.0,203.0,153410297.0,694164.2398190045
56,Roads and Drains,322.0,289.0,77908892.0,241953.0807453416
57,Roads and Drains,399.0,356.0,110920194.0,277995.4736842105
58,Roads and Drains,579.0,541.0,67276587.0,116194.45077720207
59,Roads and Drains,850.0,836.0,130707883.0,153773.98
60,Roads and Drains,420.0,408.0,60377013.0,143754.79285714286
61,Roads and Drains,158.0,153.0,146924217.0,929900.1075949367
62,Roads and Drains,129.0,123.0,230236093.0,1784775.9147286823
63,Roads and Drains,149.0,141.0,129586380.0,869707.2483221476
64,Roads and Drains,174.0,160.0,1690980.0,9718.275862068966
65,Roads and Drains,,,139877440.0,
66,Roads and Drains,230.0,228.0,6840905.0,29743.065217391304
67,Roads and Drains,308.0,287.0,16814445.0,54592.353896103894
68,Roads and Drains,159.0,131.0,41215560.0,259217.35849056602
69,Roads and Drains,400.0,392.0,403101835.0,1007754.5875
70,Roads and Drains,308.0,290.0,222133729.0,721213.4058441558
71,Roads and Drains,238.0,206.0,285369984.0,1199033.5462184874
72,Roads and Drains,854.0,817.0,1634505704.0,1913941.105386417
73,Roads and Drains,667.0,623.0,241926908.0,362709.0074962519
74,Roads and Drains,121.0,116.0,45597828.0,376841.5537190083
75,Roads and Drains,121.0,108.0,34515440.0,285251.5702479339
76,Roads and Drains,169.0,164.0,4755615.0,28139.73372781065
77,Roads and Drains,314.0,314.0,20374743.0,64887.71656050955
78,Roads and Drains,413.0,377.0,29528766.0,71498.22276029056
79,Roads and Drains,263.0,232.0,800000.0,3041.825095057034
80,Roads and Drains,705.0,652.0,110137238.0,156223.03262411346
81,Roads and Drains,929.0,830.0,213403544.0,229713.17976318623
82,Roads and Drains,548.0,510.0,298559043.0,544815.7718978102
83,Roads and Drains,714.0,574.0,75177153.0,105290.13025210085
84,Roads and Drains,1102.0,914.0,109880568.0,99710.13430127042
85,Roads and Drains,1771.0,1673.0,140026203.0,79066.17899491813
86,Roads and Drains,339.0,307.0,151452482.0,446762.4837758112
87,Roads and Drains,236.0,217.0,153868952.0,651987.0847457628
88,Roads and Drains,571.0,560.0,196101164.0,343434.6129597198
89,Roads and Drains,277.0,262.0,134079153.0,484040.2635379061
90,Roads and Drains,336.0,314.0,291975846.0,868975.7321428572
91,Roads and Drains,258.0,251.0,30798730.0,119374.92248062015
92,Roads and Drains,167.0,163.0,53890601.0,322698.20958083833
93,Roads and Drains,337.0,324.0,0.0,0.0
94,Roads and Drains,424.0,421.0,879000.0,2073.1132075471696
95,Roads and Drains,91.0,89.0,0.0,0.0
96,Roads and Drains,135.0,134.0,1636000.0,12118.518518518518
97,Roads and Drains,107.0,107.0,51205122.0,478552.5420560748
98,Roads and Drains,106.0,99.0,60086773.0,566856.3490566037
99,Roads and Drains,188.0,187.0,94930629.0,504950.15425531915
100,Roads and Drains,215.0,213.0,12600120.0,58605.20930232558
101,Roads and Drains,161.0,155.0,11794507.0,73257.80745341614
102,Roads and Drains,93.0,85.0,233830877.0,2514310.505376344
103,Roads and Drains,110.0,100.0,331390438.0,3012640.345454545
104,Roads and Drains,129.0,111.0,14895989.0,115472.78294573643
105,Roads and Drains,165.0,148.0,0.0,0.0
106,Roads and Drains,160.0,147.0,176800.0,1105.0
107,Roads and Drains,136.0,128.0,36995524.0,272025.9117647059
108,Roads and Drains,434.0,425.0,2537774.0,5847.405529953917
109,Roads and Drains,675.0,652.0,6108552.0,9049.706666666667
110,Roads and Drains,452.0,422.0,5455048.0,12068.690265486726
111,Roads and Drains,753.0,620.0,3891800.0,5168.393094289509
112,Roads and Drains,368.0,352.0,119665437.0,325177.8179347826
113,Roads and Drains,263.0,233.0,103978750.0,395356.463878327
114,Roads and Drains,122.0,119.0,4080280.0,33444.91803278688
115,Roads and Drains,254.0,237.0,28747965.0,113180.96456692913
116,Roads and Drains,42.0,35.0,25820740.0,614779.5238095238
117,Roads and Drains,313.0,291.0,157947141.0,504623.4536741214
118,Roads and Drains,249.0,211.0,0.0,0.0
119,Roads and Drains,492.0,397.0,0.0,0.0
120,Roads and Drains,260.0,257.0,9101484.0,35005.70769230769
121,Roads and Drains,106.0,88.0,4980312.0,46984.07547169811
122,Roads and Drains,97.0,96.0,19425800.0,200265.9793814433
123,Roads and Drains,209.0,207.0,0.0,0.0
124,Roads and Drains,250.0,238.0,23259550.0,93038.2
125,Roads and Drains,135.0,129.0,29734561.0,220256.00740740742
126,Roads and Drains,118.0,108.0,52378960.0,443889.4915254237
127,Roads and Drains,183.0,177.0,3847964.0,21027.12568306011
128,Roads and Drains,192.0,185.0,5633630.0,29341.822916666668
129,Roads and Drains,1150.0,1077.0,435107447.0,378354.30173913046
130,Roads and Drains,678.0,595.0,1468069515.0,2165294.2699115044
131,Roads and Drains,157.0,150.0,38492841.0,245177.33121019107
132,Roads and Drains,445.0,432.0,5022790.0,11287.168539325843
133,Roads and Drains,243.0,236.0,0.0,0.0
134,Roads and Drains,150.0,144.0,7883870.0,52559.13333333333
135,Roads and Drains,48.0,48.0,129688679.0,2701847.4791666665
136,Roads and Drains,57.0,57.0,130434159.0,2288318.5789473685
137,Roads and Drains,52.0,52.0,7933542.0,152568.11538461538
138,Roads and Drains,136.0,134.0,0.0,0.0
139,Roads and Drains,298.0,264.0,10799001.0,36238.25838926175
140,Roads and Drains,422.0,410.0,22196647.0,52598.68957345971
141,Roads and Drains,110.0,106.0,0.0,0.0
142,Roads and Drains,534.0,481.0,0.0,0.0
143,Roads and Drains,357.0,308.0,0.0,0.0
144,Roads and Drains,101.0,95.0,50459830.0,499602.27722772275
145,Roads and Drains,338.0,290.0,0.0,0.0
146,Roads and Drains,125.0,84.0,0.0,0.0
147,Roads and Drains,83.0,80.0,20685765.0,249226.0843373494
148,Roads and Drains,405.0,367.0,55363435.0,136699.83950617284
149,Roads and Drains,1514.0,1340.0,182593296.0,120603.23381770145
150,Roads and Drains,2786.0,2660.0,162795466.0,58433.40488155061
151,Roads and Drains,563.0,502.0,18956356.0,33670.259325044404
152,Roads and Drains,185.0,156.0,5890531.0,31840.70810810811
153,Roads and Drains,361.0,317.0,58079150.0,160884.07202216066
154,Roads and Drains,554.0,492.0,0.0,0.0
155,Roads and Drains,272.0,241.0,10775500.0,39615.80882352941
156,Roads and Drains,267.0,251.0,48702445.0,182406.16104868913
157,Roads and Drains,212.0,197.0,38746324.0,182765.679245283
158,Roads and Drains,280.0,250.0,4900840.0,17503.0
159,Roads and Drains,433.0,382.0,637238933.0,1471683.4480369515
160,Roads and Drains,1678.0,1501.0,41987893.0,25022.58224076281
161,Roads and Drains,357.0,341.0,85086174.0,238336.6218487395
162,Roads and Drains,412.0,352.0,9565920.0,23218.252427184467
163,Roads and Drains,257.0,237.0,0.0,0.0
164,Roads and Drains,386.0,351.0,5158160.0,13363.108808290155
165,Roads and Drains,323.0,288.0,17789020.0,55074.3653250774
166,Roads and Drains,177.0,150.0,31844905.0,179914.7175141243
167,Roads and Drains,188.0,170.0,18689332.0,99411.34042553192
168,Roads and Drains,395.0,280.0,0.0,0.0
169,Roads and Drains,215.0,160.0,820541.0,3816.4697674418603
170,Roads and Drains,244.0,150.0,0.0,0.0
171,Roads and Drains,144.0,128.0,1957646.0,13594.763888888889
172,Roads and Drains,313.0,248.0,21346521.0,68199.74760383386
173,Roads and Drains,165.0,147.0,45736109.0,277188.53939393937
174,Roads and Drains,1141.0,972.0,393927120.0,345247.25679228746
175,Roads and Drains,470.0,454.0,45182021.0,96131.95957446808
176,Roads and Drains,448.0,341.0,18510781.0,41318.70758928572
177,Roads and Drains,781.0,674.0,24921448.0,31909.664532650448
178,Roads and Drains,445.0,381.0,0.0,0.0
179,Roads and Drains,418.0,329.0,9875622.0,23625.88995215311
180,Roads and Drains,95.0,89.0,47936425.0,504593.94736842107
181,Roads and Drains,428.0,366.0,66088521.0,154412.43224299065
182,Roads and Drains,382.0,343.0,67946173.0,177869.56282722513
183,Roads and Drains,365.0,318.0,12464980.0,34150.6301369863
184,Roads and Drains,1291.0,1119.0,548762830.0,425068.0325329202
185,Roads and Drains,487.0,475.0,323249750.0,663757.1868583162
186,Roads and Drains,208.0,193.0,12828852.0,61677.17307692308
187,Roads and Drains,607.0,567.0,170846159.0,281459.89950576605
188,Roads and Drains,813.0,775.0,32206219.0,39614.04551045511
189,Roads and Drains,447.0,430.0,205400012.0,459507.8568232662
190,Roads and Drains,581.0,508.0,257664868.0,443485.14285714284
191,Roads and Drains,1646.0,1550.0,398922036.0,242358.46658566222
192,Roads and Drains,3116.0,2982.0,831591773.0,266877.97593068035
193,Roads and Drains,1005.0,902.0,14772737.0,14699.2407960199
194,Roads and Drains,936.0,913.0,819213552.0,875228.1538461539
195,Roads and Drains,950.0,931.0,447968580.0,471545.8736842105
196,Roads and Drains,545.0,474.0,614964379.0,1128375.0073394496
197,Roads and Drains,1084.0,1007.0,312044740.0,287864.15129151294
198,Roads and Drains,1317.0,1146.0,1011065368.0,767703.3925588458
1,Streetlighting,1689.0,1687.0,47344557.0,28031.117229129664
2,Streetlighting,572.0,569.0,18474240.0,32297.622377622378
3,Streetlighting,,,67097554.0,
4,Streetlighting,1653.0,1650.0,65841498.0,39831.51724137931
5,Streetlighting,5239.0,5226.0,52800076.0,10078.273716358084
6,Streetlighting,4224.0,4209.0,29647334.0,7018.781723484848
7,Streetlighting,2273.0,2269.0,25064637.0,11027.117025956884
8,Streetlighting,2074.0,2071.0,33314250.0,16062.801350048216
9,Streetlighting,3590.0,3572.0,23042825.0,6418.614206128133
10,Streetlighting,773.0,767.0,12036769.0,15571.499353169469
11,Streetlighting,1869.0,1862.0,19204968.0,10275.531300160514
12,Streetlighting,2898.0,2865.0,16755763.0,5781.836783988958
13,Streetlighting,787.0,781.0,12640948.0,16062.195679796696
14,Streetlighting,2274.0,2258.0,9752673.0,4288.7744063324535
15,Streetlighting,601.0,594.0,2696361.0,4486.4575707154745
16,Streetlighting,354.0,343.0,30196431.0,85300.65254237287
17,Streetlighting,922.0,889.0,29964595.0,32499.560737527114
18,Streetlighting,1394.0,1390.0,45055418.0,32320.959827833572
19,Streetlighting,1976.0,1960.0,568572.0,287.7388663967611
20,Streetlighting,703.0,700.0,33350321.0,47440.00142247511
21,Streetlighting,1055.0,1042.0,13985938.0,13256.81327014218
22,Streetlighting,1759.0,1749.0,13582301.0,7721.603752131893
23,Streetlighting,1142.0,1127.0,25737673.0,22537.36690017513
24,Streetlighting,3151.0,3119.0,16779357.0,5325.089495398286
25,Streetlighting,5444.0,5424.0,91294485.0,16769.74375459221
26,Streetlighting,3703.0,3684.0,75122475.0,20286.922765325413
27,Streetlighting,2703.0,2677.0,16352278.0,6049.677395486497
28,Streetlighting,1006.0,997.0,13475650.0,13395.27833001988
29,Streetlighting,864.0,857.0,42343964.0,49009.21759259259
30,Streetlighting,694.0,684.0,41407948.0,59665.63112391931
31,Streetlighting,578.0,578.0,20076407.0,34734.26816608997
32,Streetlighting,3043.0,3032.0,17617450.0,5789.500492934604
33,Streetlighting,1076.0,1066.0,56217223.0,52246.489776951676
34,Streetlighting,600.0,595.0,18655097.0,31091.828333333335
35,Streetlighting,874.0,872.0,22641840.0,25905.995423340963
36,Streetlighting,970.0,954.0,13720703.0,14145.054639175258
37,Streetlighting,618.0,589.0,9414871.0,15234.419093851133
38,Streetlighting,493.0,474.0,14244583.0,28893.67748478702
39,Streetlighting,1260.0,1243.0,20165417.0,16004.299206349206
40,Streetlighting,4715.0,4697.0,29756170.0,6310.958642629905
41,Streetlighting,814.0,806.0,7597076.0,9333.017199017198
42,Streetlighting,299.0,285.0,22055203.0,73763.22073578596
43,Streetlighting,878.0,868.0,18226458.0,20759.063781321183
44,Streetlighting,590.0,585.0,37175287.0,63008.96101694915
45,Streetlighting,1137.0,1130.0,14416525.0,12679.44151275286
46,Streetlighting,930.0,929.0,14672992.0,15777.410752688173
47,Streetlighting,423.0,420.0,14707714.0,34770.00945626477
48,Streetlighting,319.0,316.0,6336682.0,19864.206896551725
49,Streetlighting,897.0,887.0,25622671.0,28564.850613154962
50,Streetlighting,1361.0,1346.0,27653851.0,20318.773695811902
51,Streetlighting,961.0,959.0,30821824.0,32072.65764828304
52,Streetlighting,1598.0,1560.0,58266502.0,36462.14142678348
53,Streetlighting,2148.0,2134.0,38188604.0,17778.679702048415
54,Streetlighting,3484.0,3474.0,46586608.0,13371.586681974743
55,Streetlighting,388.0,387.0,18966011.0,48881.471649484534
56,Streetlighting,625.0,621.0,31516777.0,50426.8432
57,Streetlighting,843.0,831.0,21839041.0,25906.335705812573
58,Streetlighting,1316.0,1305.0,12019326.0,9133.226443768997
59,Streetlighting,1112.0,1106.0,16957655.0,15249.68974820144
60,Streetlighting,330.0,328.0,47347034.0,143475.8606060606
61,Streetlighting,353.0,350.0,13329278.0,37759.99433427762
62,Streetlighting,571.0,571.0,40811530.0,71473.78283712784
63,Streetlighting,506.0,503.0,37315548.0,73746.14229249011
64,Streetlighting,721.0,718.0,13979897.0,19389.59361997226
65,Streetlighting,,,8248140.0,
66,Streetlighting,733.0,729.0,15115073.0,20620.836289222374
67,Streetlighting,1278.0,1273.0,18748915.0,14670.512519561815
68,Streetlighting,898.0,883.0,15754130.0,17543.57461024499
69,Streetlighting,1469.0,1429.0,14286871.0,9725.575901974133
70,Streetlighting,947.0,941.0,15418898.0,16281.835269271383
71,Streetlighting,974.0,971.0,15334609.0,15743.951745379876
72,Streetlighting,3729.0,3665.0,25996328.0,6971.393939393939
73,Streetlighting,3472.0,3341.0,33653685.0,9692.881624423962
74,Streetlighting,845.0,839.0,22047280.0,26091.455621301775
75,Streetlighting,1034.0,1027.0,14401036.0,13927.500967117989
76,Streetlighting,504.0,501.0,2465721.0,4892.303571428572
77,Streetlighting,838.0,834.0,13800303.0,16468.142004773268
78,Streetlighting,832.0,829.0,21329592.0,25636.528846153848
79,Streetlighting,597.0,584.0,25411732.0,42565.71524288107
80,Streetlighting,1436.0,1416.0,21087879.0,14685.152506963788
81,Streetlighting,1041.0,1039.0,31763825.0,30512.80019212296
82,Streetlighting,527.0,524.0,17231692.0,32697.707779886146
83,Streetlighting,1119.0,1112.0,18684993.0,16697.93833780161
84,Streetlighting,1095.0,1092.0,73788316.0,67386.5899543379
85,Streetlighting,1432.0,1422.0,26818095.0,18727.71997206704
86,Streetlighting,612.0,610.0,12571335.0,20541.397058823528
87,Streetlighting,404.0,401.0,22856278.0,56574.94554455446
88,Streetlighting,1164.0,1150.0,16269139.0,13976.9235395189
89,Streetlighting,706.0,700.0,12421705.0,17594.48300283286
90,Streetlighting,681.0,672.0,21312931.0,31296.521292217327
91,Streetlighting,536.0,530.0,1216814.0,2270.1753731343283
92,Streetlighting,503.0,499.0,13895385.0,27625.019880715707
93,Streetlighting,713.0,702.0,336346.0,471.73352033660586
94,Streetlighting,1031.0,1028.0,20486164.0,19870.18816682832
95,Streetlighting,131.0,130.0,9640734.0,73593.3893129771
96,Streetlighting,256.0,256.0,1041170.0,4067.0703125
97,Streetlighting,320.0,312.0,7560700.0,23627.1875
98,Streetlighting,333.0,329.0,31235638.0,93800.71471471472
99,Streetlighting,756.0,748.0,58075201.0,76819.04894179894
100,Streetlighting,495.0,494.0,4689474.0,9473.684848484849
101,Streetlighting,523.0,518.0,6101071.0,11665.527724665391
102,Streetlighting,423.0,421.0,15140494.0,35793.13002364066
103,Streetlighting,456.0,455.0,21085135.0,46239.33114035088
104,Streetlighting,647.0,639.0,18809169.0,29071.35857805255
105,Streetlighting,471.0,468.0,8344297.0,17716.12951167728
106,Streetlighting,389.0,387.0,42365266.0,108908.13881748072
107,Streetlighting,776.0,771.0,53103019.0,68431.72551546391
108,Streetlighting,832.0,829.0,10442449.0,12551.020432692309
109,Streetlighting,1688.0,1685.0,5740687.0,3400.8809241706163
110,Streetlighting,1353.0,1320.0,10114875.0,7475.886917960089
111,Streetlighting,1415.0,1368.0,11812974.0,8348.391519434628
112,Streetlighting,751.0,742.0,33970583.0,45233.798934753664
113,Streetlighting,813.0,804.0,6392508.0,7862.863468634687
114,Streetlighting,568.0,564.0,13523143.0,23808.350352112677
115,Streetlighting,868.0,861.0,2720439.0,3134.1463133640555
116,Streetlighting,503.0,501.0,12236833.0,24327.699801192844
117,Streetlighting,1158.0,1148.0,3809867.0,3290.0405872193437
118,Streetlighting,569.0,568.0,20966815.0,36848.53251318102
119,Streetlighting,803.0,791.0,1522071.0,1895.480697384807
120,Streetlighting,310.0,310.0,15025216.0,48468.43870967742
121,Streetlighting,307.0,304.0,24766586.0,80672.91856677525
122,Streetlighting,450.0,449.0,39650214.0,88111.58666666667
123,Streetlighting,1250.0,1249.0,33338083.0,26670.4664
124,Streetlighting,949.0,949.0,4908368.0,5172.147523709167
125,Streetlighting,428.0,427.0,14459365.0,33783.56308411215
126,Streetlighting,558.0,554.0,22074153.0,39559.413978494624
127,Streetlighting,638.0,634.0,18467072.0,28945.2539184953
128,Streetlighting,851.0,849.0,32096353.0,37716.04347826087
129,Streetlighting,8387.0,7995.0,50007222.0,5962.4683438655065
130,Streetlighting,5559.0,5346.0,26253422.0,4722.687893506026
131,Streetlighting,447.0,443.0,9200211.0,20582.127516778524
132,Streetlighting,1067.0,1061.0,8523289.0,7988.087160262418
133,Streetlighting,1511.0,1510.0,7395466.0,4894.418266048974
134,Streetlighting,704.0,704.0,16188137.0,22994.512784090908
135,Streetlighting,209.0,208.0,16928205.0,80996.1961722488
136,Streetlighting,263.0,262.0,29042983.0,110429.59315589354
137,Streetlighting,299.0,299.0,16793632.0,56165.99331103679
138,Streetlighting,216.0,214.0,6611369.0,30608.189814814814
139,Streetlighting,241.0,239.0,9059821.0,37592.61825726141
140,Streetlighting,957.0,954.0,8507627.0,8889.89237199582
141,Streetlighting,513.0,509.0,10968053.0,21380.220272904484
142,Streetlighting,1512.0,1509.0,14209613.0,9397.892195767196
143,Streetlighting,1543.0,1540.0,1037953.0,672.6850291639663
144,Streetlighting,325.0,323.0,35385052.0,108877.08307692308
145,Streetlighting,911.0,911.0,22252289.0,24426.22283205269
146,Streetlighting,386.0,383.0,16546802.0,42867.362694300515
147,Streetlighting,541.0,539.0,23905641.0,44187.87615526802
148,Streetlighting,914.0,907.0,10564441.0,11558.469365426696
149,Streetlighting,1446.0,1441.0,23248143.0,16077.553941908714
150,Streetlighting,2149.0,2142.0,27238679.0,12675.048394602141
151,Streetlighting,1562.0,1560.0,24918165.0,15952.7304737516
152,Streetlighting,906.0,903.0,10747933.0,11863.060706401766
153,Streetlighting,1513.0,1512.0,21287135.0,14069.487772637145
154,Streetlighting,1252.0,1247.0,10493735.0,8381.57747603834
155,Streetlighting,891.0,886.0,8013375.0,8993.68686868687
156,Streetlighting,1078.0,1077.0,5144952.0,4772.682745825603
157,Streetlighting,683.0,681.0,11359739.0,16632.121522693997
158,Streetlighting,847.0,846.0,5369888.0,6339.891381345927
159,Streetlighting,2419.0,2373.0,13167371.0,5443.3116990491935
160,Streetlighting,5688.0,5451.0,20088612.0,3531.753164556962
161,Streetlighting,1237.0,1234.0,15758829.0,12739.55456750202
162,Streetlighting,1865.0,1858.0,26506702.0,14212.708847184987
163,Streetlighting,888.0,883.0,15685215.0,17663.530405405407
164,Streetlighting,961.0,956.0,28178879.0,29322.454734651405
165,Streetlighting,994.0,992.0,24892964.0,25043.22334004024
166,Streetlighting,389.0,384.0,13419084.0,34496.35989717224
167,Streetlighting,595.0,594.0,24099425.0,40503.23529411765
168,Streetlighting,1166.0,1162.0,53131914.0,45567.67924528302
169,Streetlighting,801.0,798.0,9518163.0,11882.850187265918
170,Streetlighting,890.0,889.0,12192872.0,13699.85617977528
171,Streetlighting,669.0,669.0,41677105.0,62297.615844544096
172,Streetlighting,1073.0,1068.0,22837386.0,21283.677539608576
173,Streetlighting,434.0,431.0,12837205.0,29578.8133640553
174,Streetlighting,2740.0,2729.0,24943311.0,9103.398175182481
175,Streetlighting,1286.0,1280.0,34615827.0,26917.439346811818
176,Streetlighting,2474.0,2469.0,12747742.0,5152.684721099434
177,Streetlighting,1878.0,1875.0,23772561.0,12658.44568690096
178,Streetlighting,1267.0,1264.0,17623476.0,13909.610102604578
179,Streetlighting,790.0,789.0,35637655.0,45110.95569620253
180,Streetlighting,358.0,355.0,2545319.0,7109.829608938548
181,Streetlighting,1539.0,1528.0,23344882.0,15168.864197530864
182,Streetlighting,1167.0,1164.0,17921560.0,15356.949443016281
183,Streetlighting,1055.0,1050.0,5217284.0,4945.292890995261
184,Streetlighting,5203.0,5170.0,25558858.0,4912.330962906016
185,Streetlighting,1324.0,1319.0,11141031.0,8414.675981873112
186,Streetlighting,518.0,516.0,14400630.0,27800.444015444016
187,Streetlighting,955.0,954.0,90631619.0,94902.21884816754
188,Streetlighting,1669.0,1665.0,16660250.0,9982.174955062912
189,Streetlighting,1161.0,1159.0,24120155.0,20775.327304048235
190,Streetlighting,1423.0,1418.0,13616592.0,9568.933239634574
191,Streetlighting,3286.0,3274.0,29734482.0,9048.838101034693
192,Streetlighting,6483.0,6466.0,26462510.0,4081.8309424649083
193,Streetlighting,2182.0,2175.0,20149147.0,9234.256186984418
194,Streetlighting,2971.0,2949.0,14793557.0,4979.319084483339
195,Streetlighting,1689.0,1685.0,24965394.0,14781.168738898758
196,Streetlighting,1932.0,1862.0,15405968.0,7974.103519668737
197,Streetlighting,3929.0,3918.0,21770178.0,5540.895393229829
198,Streetlighting,6857.0,6726.0,34921448.0,5092.817267026397
1,Waste Management,510.0,498.0,1185000.0,2323.529411764706
2,Waste Management,269.0,264.0,524472.0,1949.7100371747213
3,Waste Management,,,9999641.0,
4,Waste Management,978.0,965.0,0.0,0.0
5,Waste Management,2202.0,2144.0,104631171.0,47516.42643051771
6,Waste Management,4508.0,4469.0,11348266.0,2517.3615794143743
7,Waste Management,1809.0,1766.0,36708518.0,20292.160309563296
8,Waste Management,1672.0,1662.0,22825074.0,13651.36004784689
9,Waste Management,2755.0,2746.0,0.0,0.0
10,Waste Management,368.0,357.0,6389837.0,17363.6875
11,Waste Management,1005.0,1000.0,1499745.0,1492.2835820895523
12,Waste Management,1122.0,1102.0,4328582.0,3857.916221033868
13,Waste Management,200.0,199.0,4996725.0,24983.625
14,Waste Management,1092.0,1082.0,0.0,0.0
15,Waste Management,337.0,331.0,3494676.0,10369.958456973294
16,Waste Management,411.0,404.0,1527549.0,3716.6642335766423
17,Waste Management,266.0,264.0,0.0,0.0
18,Waste Management,815.0,801.0,18534823.0,22742.114110429447
19,Waste Management,514.0,503.0,0.0,0.0
20,Waste Management,289.0,281.0,0.0,0.0
21,Waste Management,733.0,712.0,0.0,0.0
22,Waste Management,2043.0,2037.0,1447646.0,708.5883504650025
23,Waste Management,465.0,454.0,3675855.0,7905.064516129032
24,Waste Management,1517.0,1500.0,1398094.0,921.6176664469348
25,Waste Management,3201.0,2896.0,1481962.0,462.96844736019995
26,Waste Management,2468.0,2259.0,0.0,0.0
27,Waste Management,2487.0,2466.0,4401389.0,1769.7583433856053
28,Waste Management,279.0,275.0,5822660.0,20869.749103942653
29,Waste Management,633.0,619.0,1975271.0,3120.4913112164295
30,Waste Management,543.0,542.0,6379291.0,11748.233885819522
31,Waste Management,175.0,173.0,944154.0,5395.165714285714
32,Waste Management,2410.0,2385.0,0.0,0.0
33,Waste Management,1029.0,1016.0,1457577.0,1416.4985422740524
34,Waste Management,171.0,171.0,0.0,0.0
35,Waste Management,311.0,297.0,7659937.0,24630.022508038586
36,Waste Management,189.0,166.0,9060217.0,47937.65608465608
37,Waste Management,185.0,184.0,0.0,0.0
38,Waste Management,267.0,247.0,16235463.0,60806.97752808989
39,Waste Management,547.0,547.0,0.0,0.0
40,Waste Management,845.0,829.0,6332214.0,7493.744378698225
41,Waste Management,512.0,501.0,6453003.0,12603.521484375
42,Waste Management,58.0,58.0,20956925.0,361326.2931034483
43,Waste Management,620.0,616.0,2440177.0,3935.7693548387097
44,Waste Management,212.0,206.0,4981153.0,23496.004716981133
45,Waste Management,412.0,366.0,7664488.0,18603.126213592233
46,Waste Management,395.0,391.0,0.0,0.0
47,Waste Management,91.0,90.0,0.0,0.0
48,Waste Management,156.0,156.0,3862657.0,24760.621794871793
49,Waste Management,288.0,284.0,3049864.0,10589.805555555555
50,Waste Management,1083.0,936.0,1405078.0,1297.3942751615882
51,Waste Management,534.0,495.0,0.0,0.0
52,Waste Management,1232.0,932.0,0.0,0.0
53,Waste Management,1425.0,1157.0,0.0,0.0
54,Waste Management,1885.0,1883.0,2739740.0,1453.4429708222813
55,Waste Management,394.0,347.0,1185000.0,3007.6142131979695
56,Waste Management,695.0,623.0,0.0,0.0
57,Waste Management,640.0,637.0,0.0,0.0
58,Waste Management,1203.0,1192.0,4647797.0,3863.5054031587697
59,Waste Management,802.0,798.0,1669734.0,2081.9625935162094
60,Waste Management,286.0,281.0,1488683.0,5205.185314685315
61,Waste Management,107.0,103.0,199063.0,1860.4018691588785
62,Waste Management,182.0,181.0,7218041.0,39659.56593406593
63,Waste Management,213.0,210.0,3387326.0,15902.93896713615
64,Waste Management,277.0,273.0,6888485.0,24868.17689530686
65,Waste Management,,,3494650.0,
66,Waste Management,182.0,176.0,13454100.0,73923.62637362638
67,Waste Management,437.0,434.0,4846882.0,11091.263157894737
68,Waste Management,406.0,400.0,2662740.0,6558.472906403941
69,Waste Management,344.0,337.0,0.0,0.0
70,Waste Management,333.0,330.0,0.0,0.0
71,Waste Management,409.0,404.0,0.0,0.0
72,Waste Management,1009.0,983.0,6542168.0,6483.813676907829
73,Waste Management,1829.0,1803.0,2220078.0,1213.8206670311645
74,Waste Management,250.0,250.0,3821911.0,15287.644
75,Waste Management,264.0,256.0,915106.0,3466.310606060606
76,Waste Management,425.0,253.0,5681900.0,13369.176470588236
77,Waste Management,246.0,237.0,2499736.0,10161.528455284553
78,Waste Management,462.0,454.0,0.0,0.0
79,Waste Management,332.0,313.0,0.0,0.0
80,Waste Management,1277.0,1265.0,0.0,0.0
81,Waste Management,1511.0,1356.0,0.0,0.0
82,Waste Management,442.0,438.0,11300936.0,25567.72850678733
83,Waste Management,772.0,769.0,1221907.0,1582.7810880829015
84,Waste Management,1017.0,1015.0,6490016.0,6381.529990167159
85,Waste Management,2712.0,2704.0,703898.0,259.5494100294985
86,Waste Management,569.0,569.0,0.0,0.0
87,Waste Management,299.0,279.0,1475215.0,4933.829431438127
88,Waste Management,1268.0,1259.0,1534270.0,1209.9921135646687
89,Waste Management,442.0,419.0,2091780.0,4732.533936651584
90,Waste Management,282.0,282.0,1480400.0,5249.645390070922
91,Waste Management,363.0,362.0,2056325.0,5664.8071625344355
92,Waste Management,169.0,168.0,785196.0,4646.130177514793
93,Waste Management,252.0,249.0,0.0,0.0
94,Waste Management,587.0,576.0,1290040.0,2197.6831345826236
95,Waste Management,47.0,43.0,3961536.0,84288.0
96,Waste Management,74.0,71.0,741112.0,10015.027027027027
97,Waste Management,124.0,122.0,592000.0,4774.193548387097
98,Waste Management,91.0,91.0,6268872.0,68888.7032967033
99,Waste Management,251.0,231.0,203430.0,810.4780876494024
100,Waste Management,307.0,300.0,4406400.0,14353.094462540717
101,Waste Management,111.0,101.0,0.0,0.0
102,Waste Management,117.0,111.0,4685768.0,40049.29914529915
103,Waste Management,313.0,285.0,0.0,0.0
104,Waste Management,214.0,194.0,4241626.0,19820.682242990653
105,Waste Management,214.0,184.0,617462.0,2885.336448598131
106,Waste Management,379.0,351.0,1989874.0,5250.327176781003
107,Waste Management,156.0,151.0,0.0,0.0
108,Waste Management,304.0,295.0,469180.0,1543.3552631578948
109,Waste Management,1230.0,1221.0,681398.0,553.9821138211382
110,Waste Management,495.0,480.0,0.0,0.0
111,Waste Management,1089.0,992.0,692610.0,636.0055096418732
112,Waste Management,251.0,245.0,6972980.0,27780.796812749006
113,Waste Management,908.0,899.0,2665323.0,2935.3777533039647
114,Waste Management,141.0,127.0,741380.0,5258.014184397163
115,Waste Management,537.0,525.0,997440.0,1857.4301675977654
116,Waste Management,110.0,100.0,3690955.0,33554.13636363636
117,Waste Management,377.0,366.0,4590730.0,12177.002652519894
118,Waste Management,356.0,346.0,0.0,0.0
119,Waste Management,921.0,913.0,0.0,0.0
120,Waste Management,296.0,296.0,1498222.0,5061.560810810811
121,Waste Management,166.0,164.0,0.0,0.0
122,Waste Management,75.0,75.0,1225728.0,16343.04
123,Waste Management,192.0,188.0,0.0,0.0
124,Waste Management,379.0,374.0,0.0,0.0
125,Waste Management,413.0,314.0,0.0,0.0
126,Waste Management,299.0,265.0,999883.0,3344.0903010033444
127,Waste Management,205.0,180.0,4941561.0,24105.175609756097
128,Waste Management,371.0,342.0,1236214.0,3332.1132075471696
129,Waste Management,3979.0,3932.0,0.0,0.0
130,Waste Management,1339.0,1324.0,396383123.0,296029.21807318897
131,Waste Management,255.0,227.0,1379294.0,5408.996078431373
132,Waste Management,1306.0,1275.0,0.0,0.0
133,Waste Management,350.0,347.0,529051.0,1511.5742857142857
134,Waste Management,256.0,255.0,2143250.0,8372.0703125
135,Waste Management,69.0,59.0,0.0,0.0
136,Waste Management,305.0,296.0,0.0,0.0
137,Waste Management,152.0,147.0,0.0,0.0
138,Waste Management,227.0,222.0,0.0,0.0
139,Waste Management,231.0,222.0,4900237.0,21213.147186147187
140,Waste Management,318.0,309.0,2758928.0,8675.874213836478
141,Waste Management,211.0,209.0,1566850.0,7425.8293838862555
142,Waste Management,578.0,568.0,0.0,0.0
143,Waste Management,733.0,722.0,518800.0,707.7762619372442
144,Waste Management,313.0,306.0,2943700.0,9404.792332268371
145,Waste Management,881.0,872.0,0.0,0.0
146,Waste Management,229.0,225.0,727238.0,3175.711790393013
147,Waste Management,244.0,243.0,0.0,0.0
148,Waste Management,677.0,672.0,0.0,0.0
149,Waste Management,1506.0,1492.0,742051.0,492.7297476759628
150,Waste Management,2768.0,2743.0,15123950.0,5463.854768786127
151,Waste Management,693.0,666.0,4451054.0,6422.8773448773445
152,Waste Management,246.0,238.0,0.0,0.0
153,Waste Management,1422.0,1413.0,0.0,0.0
154,Waste Management,759.0,747.0,506576.0,667.4255599472991
155,Waste Management,313.0,304.0,0.0,0.0
156,Waste Management,660.0,649.0,833000.0,1262.121212121212
157,Waste Management,231.0,230.0,4382189.0,18970.515151515152
158,Waste Management,225.0,220.0,1049931.0,4666.36
159,Waste Management,782.0,770.0,323340882.0,413479.38874680304
160,Waste Management,4520.0,4430.0,1472092.0,325.68407079646016
161,Waste Management,310.0,304.0,0.0,0.0
162,Waste Management,1727.0,1692.0,0.0,0.0
163,Waste Management,954.0,941.0,5995092.0,6284.163522012579
164,Waste Management,694.0,677.0,0.0,0.0
165,Waste Management,649.0,643.0,769825.0,1186.171032357473
166,Waste Management,230.0,226.0,2575514.0,11197.88695652174
167,Waste Management,320.0,308.0,2300651.0,7189.534375
168,Waste Management,1092.0,1074.0,9974273.0,9133.949633699634
169,Waste Management,984.0,981.0,2752221.0,2796.9725609756097
170,Waste Management,508.0,496.0,590320.0,1162.0472440944882
171,Waste Management,418.0,413.0,5922212.0,14167.971291866028
172,Waste Management,490.0,486.0,272475.0,556.0714285714286
173,Waste Management,468.0,460.0,0.0,0.0
174,Waste Management,2386.0,2338.0,643477.0,269.6886001676446
175,Waste Management,559.0,540.0,33165713.0,59330.434704830055
176,Waste Management,1554.0,1511.0,0.0,0.0
177,Waste Management,914.0,893.0,793251.0,867.8894967177243
178,Waste Management,956.0,945.0,1123264.0,1174.9623430962342
179,Waste Management,1160.0,1145.0,1441395.0,1242.5818965517242
180,Waste Management,615.0,612.0,18305861.0,29765.627642276424
181,Waste Management,1882.0,1873.0,0.0,0.0
182,Waste Management,1368.0,1361.0,0.0,0.0
183,Waste Management,421.0,411.0,0.0,0.0
184,Waste Management,1884.0,1842.0,545500.0,289.5435244161359
185,Waste Management,1364.0,1355.0,522000.0,382.69794721407624
186,Waste Management,285.0,277.0,0.0,0.0
187,Waste Management,792.0,785.0,0.0,0.0
188,Waste Management,1008.0,992.0,0.0,0.0
189,Waste Management,504.0,496.0,0.0,0.0
190,Waste Management,693.0,673.0,2642940.0,3813.7662337662337
191,Waste Management,1267.0,1255.0,2185600.0,1725.019731649566
192,Waste Management,1691.0,1647.0,0.0,0.0
193,Waste Management,1553.0,1539.0,0.0,0.0
194,Waste Management,2429.0,2380.0,745000.0,306.71058048579664
195,Waste Management,1597.0,1592.0,0.0,0.0
196,Waste Management,796.0,785.0,16998515.0,21354.918341708544
197,Waste Management,1697.0,1689.0,0.0,0.0
198,Waste Management,1806.0,1742.0,4704402.0,2604.873754152824
