ward,n,area_ha,area_median_ha,area_max_ha,n_in_use,n_municipal,borough,electors,area_km2,has_polygon,n_disused,n_per_km2,area_pct_of_ward,n_per_10k_electors,disused_share,municipal_share
1,36,7.6,0.13,0.85,30,0,I,43784,1.3729445976245473,True,6,26.221014352863747,5.535547474493458,8.222181618856203,0.16666666666666666,0.0
2,4,0.18000000000000002,0.045,0.07,4,0,I,40964,1.7215901536732456,True,0,2.3234333627347126,0.10455450132306209,0.9764671418806757,0.0,0.0
3,0,0.0,,,0,0,I,43889,1.346984474239152,True,0,0.0,0.0,0.0,,
4,1,0.5,0.5,0.5,1,0,I,33670,0.9491397088190748,True,0,1.0535856741724627,0.5267928370862314,0.297000297000297,0.0,0.0
5,0,0.0,,,0,0,I,20422,1.3572994522625677,True,0,0.0,0.0,0.0,,
6,0,0.0,,,0,0,I,32601,1.7431600682153685,True,0,0.0,0.0,0.0,,
7,0,0.0,,,0,0,I,15724,0.42120686641797,True,0,0.0,0.0,0.0,,
8,0,0.0,,,0,0,I,14516,0.36074474557464425,True,0,0.0,0.0,0.0,,
9,1,0.21,0.21,0.21,1,0,I,14685,0.2967189597662592,True,0,3.3701924568209303,0.7077404159323953,0.6809669731018045,0.0,0.0
10,0,0.0,,,0,0,II,18902,0.4384902814491712,True,0,0.0,0.0,0.0,,
11,0,0.0,,,0,0,II,15786,0.3264028754141652,True,0,0.0,0.0,0.0,,
12,0,0.0,,,0,0,II,16684,0.5258965144846596,True,0,0.0,0.0,0.0,,
13,0,0.0,,,0,0,III,25439,0.7857667601252785,True,0,0.0,0.0,0.0,,
14,8,0.8,0.10500000000000001,0.15,8,0,III,42712,1.0045740766433653,True,0,7.963574002159014,0.7963574002159014,1.8730099269526128,0.0,0.0
15,3,0.8,0.08,0.67,2,1,II,19819,0.5324703828879492,True,1,5.63411618075161,1.5024309815337629,1.5136989757303598,0.3333333333333333,0.3333333333333333
16,0,0.0,,,0,0,II,16052,0.3089246012395855,True,0,0.0,0.0,0.0,,
17,0,0.0,,,0,0,II,16323,0.3628491602312647,True,0,0.0,0.0,0.0,,
18,0,0.0,,,0,0,II,16320,0.23717453716674408,True,0,0.0,0.0,0.0,,
19,0,0.0,,,0,0,II,14710,0.24296443319092173,True,0,0.0,0.0,0.0,,
20,0,0.0,,,0,0,II,14702,0.29554414342466895,True,0,0.0,0.0,0.0,,
21,0,0.0,,,0,0,IV,16088,0.3408184199010182,True,0,0.0,0.0,0.0,,
22,0,0.0,,,0,0,IV,13217,0.34542954181947294,True,0,0.0,0.0,0.0,,
23,0,0.0,,,0,0,IV,15838,0.16436909673668726,True,0,0.0,0.0,0.0,,
24,0,0.0,,,0,0,IV,15583,0.20136085383421182,True,0,0.0,0.0,0.0,,
25,0,0.0,,,0,0,IV,23774,0.406597401587724,True,0,0.0,0.0,0.0,,
26,0,0.0,,,0,0,IV,20026,0.3525790773762656,True,0,0.0,0.0,0.0,,
27,1,0.04,0.04,0.04,0,0,IV,17588,0.42474263299246684,True,1,2.3543669090965396,0.09417467636386158,0.568569479190357,1.0,0.0
28,0,0.0,,,0,0,IV,29109,0.4252283061327566,True,0,0.0,0.0,0.0,,
29,1,0.39,0.39,0.39,1,0,III,40417,0.5634386522193513,True,0,1.7748161154032644,0.6921782850072732,0.2474206398297746,0.0,0.0
30,4,0.71,0.175,0.2,3,0,III,21954,0.5798373648333728,True,1,6.8984860973032935,1.2244812822713347,1.8219914366402479,0.25,0.0
31,9,1.05,0.1,0.32,8,0,III,31837,1.3846408245676856,True,1,6.4998805757514715,0.7583194005043383,2.826899519427082,0.1111111111111111,0.0
32,8,4.47,0.14,3.13,6,0,III,36239,1.664560183609359,True,2,4.806074348512381,2.6853940422312927,2.2075664339523717,0.25,0.0
33,24,20.21,0.09,16.26,17,0,III,35980,1.8271831435824872,True,7,13.134972312049754,11.060741267771897,6.670372429127293,0.2916666666666667,0.0
34,19,3.68,0.11,0.9,17,0,III,26722,0.7884795746248834,True,2,24.097009753282688,4.667210310109489,7.110246239053963,0.10526315789473684,0.0
35,12,1.33,0.1,0.27,12,0,III,28883,0.8308469954655837,True,0,14.443092489340389,1.6007760842352265,4.1546930720493025,0.0,0.0
36,0,0.0,,,0,0,V,18833,0.989106355040952,True,0,0.0,0.0,0.0,,
37,0,0.0,,,0,0,V,17787,0.31380338126858237,True,0,0.0,0.0,0.0,,
38,0,0.0,,,0,0,IV,26042,0.49163705402346813,True,0,0.0,0.0,0.0,,
39,0,0.0,,,0,0,IV,15419,0.20143075252328121,True,0,0.0,0.0,0.0,,
40,0,0.0,,,0,0,V,18793,0.3677313334351785,True,0,0.0,0.0,0.0,,
41,1,0.16,0.16,0.16,0,0,V,14350,0.20977391708395846,True,1,4.767036883807471,0.7627259014091953,0.6968641114982579,1.0,0.0
42,0,0.0,,,0,0,V,14083,0.3215631364582435,True,0,0.0,0.0,0.0,,
43,0,0.0,,,0,0,V,18833,0.23634840381938316,True,0,0.0,0.0,0.0,,
44,0,0.0,,,0,0,V,24279,0.5219750938869662,True,0,0.0,0.0,0.0,,
45,1,2.24,2.24,2.24,1,0,V,12067,1.5402178825323698,True,0,0.6492587908120094,1.4543396914189013,0.8287063893262617,0.0,0.0
46,1,0.82,0.82,0.82,1,1,VI,15648,1.307626002302077,True,0,0.7647446580593372,0.6270906196086564,0.6390593047034765,0.0,1.0
47,0,0.0,,,0,0,VI,15883,0.4032904648504157,True,0,0.0,0.0,0.0,,
48,0,0.0,,,0,0,V,17839,0.24560132466731505,True,0,0.0,0.0,0.0,,
49,0,0.0,,,0,0,V,11233,0.2582488111715375,True,0,0.0,0.0,0.0,,
50,0,0.0,,,0,0,V,17122,0.3834474601998816,True,0,0.0,0.0,0.0,,
51,0,0.0,,,0,0,VI,12991,0.29874961845293146,True,0,0.0,0.0,0.0,,
52,0,0.0,,,0,0,VI,16789,0.23867562888365912,True,0,0.0,0.0,0.0,,
53,0,0.0,,,0,0,VI,22095,0.34476279378382685,True,0,0.0,0.0,0.0,,
54,0,0.0,,,0,0,VI,31570,0.37667569192232936,True,0,0.0,0.0,0.0,,
55,1,0.69,0.69,0.69,1,0,VI,28057,0.9787767852108534,True,0,1.0216834063801121,0.7049615504022773,0.3564172933670742,0.0,0.0
56,2,0.39,0.195,0.28,2,1,VII,32475,0.6777649446812692,True,0,2.9508755442353762,0.5754207311258984,0.6158583525789069,0.0,0.5
57,32,37.56,0.095,11.41,21,0,VII,38212,2.735910786709821,True,11,11.696287815906045,13.72851782391972,8.37433267036533,0.34375,0.0
58,292,244.11,0.41,10.97,261,1,VII,58613,10.810142398803414,True,31,27.011670080527505,22.581571175882086,49.818299694607,0.10616438356164383,0.003424657534246575
59,18,2.87,0.09,0.53,15,1,VII,49159,1.9433687913610167,True,3,9.262266678366231,1.4768169648283935,3.6615879086230394,0.16666666666666666,0.05555555555555555
60,0,0.0,,,0,0,VI,37117,0.5819393668938907,True,0,0.0,0.0,0.0,,
61,0,0.0,,,0,0,VI,28442,0.6425972387594223,True,0,0.0,0.0,0.0,,
62,1,0.73,0.73,0.73,1,1,VI,34634,0.3879364609419748,True,0,2.577741719795639,1.8817514554508166,0.28873361436738465,0.0,1.0
63,8,6.29,0.495,3.02,6,8,VII,21194,3.7992018778574166,True,2,2.1057054237169543,1.6556108893974553,3.7746532037369067,0.25,1.0
64,1,0.3,0.3,0.3,1,0,VII,30103,0.8514791917940887,True,0,1.1744268205697124,0.35232804617091373,0.3321928047038501,0.0,0.0
65,0,0.0,,,0,0,VII,57660,1.332425691773445,True,0,0.0,0.0,0.0,,
66,24,26.439999999999998,0.22499999999999998,13.37,22,12,VII,71157,1.9082578764345488,True,2,12.576916514471504,13.855569693442773,3.372823474851385,0.08333333333333333,0.5
67,45,8.57,0.1,0.9,32,10,VII,49705,1.8353663031127223,True,13,24.518266421085233,4.669367627304455,9.05341514938135,0.28888888888888886,0.2222222222222222
68,0,0.0,,,0,0,VIII,19017,0.9281489807309822,True,0,0.0,0.0,0.0,,
69,2,0.22,0.11,0.16,2,0,VIII,38047,2.0169270697647503,True,0,0.9916074953732835,0.1090768244910612,0.5256656240965122,0.0,0.0
70,0,0.0,,,0,0,VIII,18805,0.8324356609938462,True,0,0.0,0.0,0.0,,
71,3,0.79,0.35,0.37,3,1,IX,24635,1.039627136714977,True,0,2.8856499547322576,0.7598878214128278,1.217779581895677,0.0,0.3333333333333333
72,1,0.33,0.33,0.33,1,1,VIII,20415,0.5775291622183627,True,0,1.7315142947221458,0.5713997172583081,0.48983590497183443,0.0,1.0
73,0,0.0,,,0,0,IX,21456,0.5419163286125048,True,0,0.0,0.0,0.0,,
74,0,0.0,,,0,0,IX,27716,3.3475525968477604,True,0,0.0,0.0,0.0,,
75,1,0.3,0.3,0.3,1,1,IX,22009,0.5629207781276894,True,0,1.776448905165775,0.5329346715497325,0.45435958017174793,0.0,1.0
76,1,0.7,0.7,0.7,1,1,IX,19644,0.43621047685707715,True,0,2.29247130239755,1.604729911678285,0.509061290979434,0.0,1.0
77,0,0.0,,,0,0,IX,37804,0.49489227475364606,True,0,0.0,0.0,0.0,,
78,1,0.04,0.04,0.04,1,1,IX,48923,0.6819934677871051,True,0,1.4662897039831555,0.058651588159326216,0.2044028371113791,0.0,1.0
79,1,0.47,0.47,0.47,1,1,IX,31893,2.9310052758827236,True,0,0.341179870342892,0.1603545390611592,0.3135484275546358,0.0,1.0
80,6,62.620000000000005,5.449999999999999,38.93,6,0,IX,24696,9.072355903779462,True,0,0.6613497159542048,6.902286535508718,2.4295432458697763,0.0,0.0
81,1,0.06,0.06,0.06,1,1,X,35919,1.2735444922299057,True,0,0.7852101014932391,0.04711260608959435,0.2784041871989755,0.0,1.0
82,1,0.12,0.12,0.12,1,1,IX,33676,0.9260856388251351,True,0,1.0798137430018193,0.1295776491602183,0.2969473809241002,0.0,1.0
83,0,0.0,,,0,0,VIII,19802,0.4810878276137962,True,0,0.0,0.0,0.0,,
84,0,0.0,,,0,0,VIII,15818,0.46497110476591524,True,0,0.0,0.0,0.0,,
85,1,0.13,0.13,0.13,1,0,VIII,24259,0.7143450415777992,True,0,1.399883728164844,0.1819848846614297,0.41221814584278,0.0,0.0
86,0,0.0,,,0,0,VIII,17211,0.8879359165480397,True,0,0.0,0.0,0.0,,
87,0,0.0,,,0,0,VIII,10831,0.7473369484590299,True,0,0.0,0.0,0.0,,
88,0,0.0,,,0,0,VIII,21841,0.48933443477805944,True,0,0.0,0.0,0.0,,
89,6,0.8,0.13,0.24,6,2,X,20009,0.698561777203137,True,0,8.58907572072218,1.1452100960962908,2.998650607226748,0.0,0.3333333333333333
90,2,4.55,2.275,2.44,2,1,VIII,16873,1.14564605069012,True,0,1.745739880825522,3.971558228878062,1.1853256682273454,0.0,0.5
91,30,4.2,0.09,0.48,30,0,X,34180,1.0791616111029578,True,0,27.79935803066464,3.8919101242930494,8.777062609713283,0.0,0.0
92,13,2.19,0.1,0.71,13,0,X,31625,1.5748864713719823,True,0,8.254563256661216,1.3905764255452355,4.1106719367588935,0.0,0.0
93,6,5.62,0.655,2.81,4,1,X,43119,1.8679506491756133,True,2,3.2120762947607813,3.0086447960925984,1.3914979475405274,0.3333333333333333,0.16666666666666666
94,6,4.0,0.285,2.61,5,2,X,20788,1.6713205870409342,True,1,3.5899755238598323,2.393317015906555,2.886280546469117,0.16666666666666666,0.3333333333333333
95,3,0.58,0.22,0.26,2,1,X,26121,1.0082195518753627,True,1,2.975542375090603,0.5752715258508498,1.1485012059262663,0.3333333333333333,0.3333333333333333
96,15,2.57,0.09,0.59,14,14,X,27258,1.1268172331609227,True,1,13.31183048906905,2.280760290460497,5.50297160466652,0.06666666666666667,0.9333333333333333
97,2,0.14,0.07,0.08,2,1,X,33221,1.9338988599532427,True,0,1.0341802466589982,0.07239261726612989,0.602028837181301,0.0,0.5
98,8,1.56,0.11499999999999999,0.64,8,4,X,27980,1.1612843637776256,True,0,6.888924237278304,1.3433402262692693,2.8591851322373123,0.0,0.5
99,21,3.2,0.08,1.15,17,21,X,23172,0.9102607277255924,True,4,23.070313109598054,3.515476283367323,9.062661833247022,0.19047619047619047,1.0
100,23,3.1,0.08,0.51,12,15,X,25702,1.4057042681945948,True,11,16.361905217474987,2.205300268442281,8.94871994397323,0.4782608695652174,0.6521739130434783
101,30,6.36,0.1,1.45,18,29,XII,36657,1.6763448321535264,True,12,17.896079269955646,3.7939688052305973,8.183975775431705,0.4,0.9666666666666667
102,34,3.23,0.07500000000000001,0.47,21,28,XII,18045,0.9853418307023192,True,13,34.50579173703193,3.278050215018034,18.84178442781934,0.38235294117647056,0.8235294117647058
103,7,1.86,0.24,0.56,7,0,XI,25694,0.9543072629620426,True,0,7.33516370636532,1.9490577848342137,2.724371448587219,0.0,0.0
104,14,1.94,0.09,0.46,14,0,XI,29960,1.188626940284475,True,0,11.778296053637629,1.6321353102897855,4.672897196261682,0.0,0.0
105,25,9.120000000000001,0.27,1.18,22,0,XII,19924,0.6674313890089728,True,3,37.45703365423214,13.664325877063888,12.547681188516362,0.12,0.0
106,34,2.93,0.05,0.53,31,0,XII,27162,1.9112177020013303,True,3,17.78970546599528,1.5330540298637108,12.517487666593034,0.08823529411764706,0.0
107,29,6.96,0.2,0.8,22,1,XII,35986,2.700010891745512,True,7,10.740697412984133,2.5777673791161915,8.058689490357361,0.2413793103448276,0.034482758620689655
108,453,396.33,0.21,27.64,300,6,XII,33196,11.94315946300599,True,153,37.929661862354784,33.18468628235557,136.46222436438126,0.33774834437086093,0.013245033112582781
109,97,48.85,0.2,13.58,89,17,XII,37416,7.095093579516272,True,8,13.671419398898648,6.885039563259783,25.92473807996579,0.08247422680412371,0.17525773195876287
110,31,15.74,0.32,2.7,17,0,XI,17026,1.7508926883822673,True,14,17.70525412876238,8.98969999957161,18.20744743333725,0.45161290322580644,0.0
111,64,11.6,0.07,1.89,30,5,XI,29941,2.4258357264500017,True,34,26.38266033523152,4.781857185760713,21.375371564076016,0.53125,0.078125
112,20,2.3,0.08499999999999999,0.44,11,16,XI,26969,1.6088568751186563,True,9,12.431186583035835,1.429586457049121,7.415921984500723,0.45,0.8
113,42,4.04,0.07500000000000001,0.55,29,0,XI,26757,1.65178947662506,True,13,25.426969110987734,2.4458322668664394,15.696826998542438,0.30952380952380953,0.0
114,69,11.44,0.07,2.4,46,0,XI,30145,2.307726168711552,True,23,29.899561280498038,4.957260594911558,22.889368054403715,0.3333333333333333,0.0
115,37,6.51,0.09,1.91,25,0,XIII,27793,1.4727589635113354,True,12,25.122916184319134,4.420275252970744,13.312704637858454,0.32432432432432434,0.0
116,19,5.04,0.15,1.28,18,2,XIII,21207,1.221977554610195,True,1,15.548567097912784,4.124462009130549,8.959305889564765,0.05263157894736842,0.10526315789473684
117,5,4.42,0.1,4.02,4,2,XIII,20420,0.7315233327786768,True,1,6.835051974360955,6.042185945335084,2.4485798237022527,0.2,0.4
118,8,0.65,0.05,0.2,6,6,XIII,24285,0.8480864750285486,True,2,9.433000331399816,0.766431276926235,3.294214535721639,0.25,0.75
119,8,1.03,0.095,0.37,4,1,XIII,12803,0.6286670953985781,True,4,12.725335966451306,1.6383870056806056,6.248535499492307,0.5,0.125
120,10,5.26,0.425,1.59,10,4,XIII,18508,0.6948124950100453,True,0,14.392372146179415,7.570387748890372,5.403068943159715,0.0,0.4
121,23,4.4,0.11,0.89,20,0,XIV,26076,1.4760217776231108,True,3,15.582425915854508,2.9809858273808625,8.82037122258015,0.13043478260869565,0.0
122,99,20.17,0.07,3.12,75,0,XIII,37168,3.1560113328627395,True,24,31.368708651055304,6.390978318098844,26.635815755488593,0.24242424242424243,0.0
123,73,5.72,0.07,0.42,59,0,XVI,31348,1.8947742366729674,True,14,38.527017407720635,3.018829309207699,23.286972055633534,0.1917808219178082,0.0
124,94,8.88,0.07,0.67,79,0,XVI,35478,2.5464769259633724,True,15,36.91374504186341,3.487170808210075,26.49529285754552,0.1595744680851064,0.0
125,176,16.93,0.06,0.82,140,0,XVI,39040,2.8814063105033934,True,36,61.081284981725496,5.875603151935299,45.08196721311475,0.20454545454545456,0.0
126,106,16.19,0.07500000000000001,1.01,77,0,XVI,29355,2.959264719148393,True,29,35.819708630360154,5.470953610618216,36.10969170499063,0.27358490566037735,0.0
127,173,21.54,0.05,2.23,85,0,XIV,40196,3.4237934613860928,True,88,50.52874887200774,6.291267345104315,43.03910836899194,0.5086705202312138,0.0
128,55,5.64,0.07,0.61,35,0,XIV,30435,1.8374058726490028,True,20,29.93350615599484,3.0695449949056526,18.071299490717923,0.36363636363636365,0.0
129,43,4.87,0.06,0.69,20,0,XIV,37134,2.1122569416630057,True,23,20.357371848022225,2.305590718601587,11.579684386276728,0.5348837209302325,0.0
130,10,1.35,0.1,0.27,7,0,XIV,22169,1.0374343962974664,True,3,9.639163725137058,1.301287102893503,4.510803374080924,0.3,0.0
131,19,3.0,0.1,0.66,15,4,XIV,29120,1.411919600853407,True,4,13.456856883717617,2.1247668763764658,6.524725274725275,0.21052631578947367,0.21052631578947367
132,10,3.2199999999999993,0.07500000000000001,2.01,9,0,XIV,22573,0.9167122885218041,True,1,10.908547998331048,3.512552455462597,4.430071324148319,0.1,0.0
133,6,0.6799999999999999,0.07500000000000001,0.32,5,0,XV,17396,0.5083483383776884,True,1,11.802930288211485,1.3376654326639683,3.449068751437112,0.16666666666666666,0.0
134,0,0.0,,,0,0,XV,26472,0.3819964273599596,True,0,0.0,0.0,0.0,,
135,2,0.42000000000000004,0.21000000000000002,0.33,2,0,XV,24915,0.3345802494620081,True,0,5.977639155975051,1.2553042227547608,0.8027292795504716,0.0,0.0
136,21,4.39,0.14,0.57,19,1,XV,18261,0.5295160958804237,True,2,39.6588510970255,8.290588395997235,11.499917857729587,0.09523809523809523,0.047619047619047616
137,1,0.04,0.04,0.04,1,0,XV,13760,0.6248066989097893,True,0,1.6004950038866048,0.0640198001554642,0.7267441860465116,0.0,0.0
138,15,1.33,0.06,0.24,2,0,XV,26001,0.8080568058717837,True,13,18.563051373371003,1.6459238884388956,5.769008884273682,0.8666666666666667,0.0
139,50,6.33,0.07,1.67,13,0,XV,25348,1.614937916364287,True,37,30.960942518809084,3.9196553228812294,19.725422124033454,0.74,0.0
140,90,7.08,0.06,0.9,23,0,XV,29785,1.5468196013646252,True,67,58.18390193698139,4.577133619042536,30.21655195568239,0.7444444444444445,0.0
141,169,12.97,0.06,0.39,71,0,XV,21217,2.6081327092975637,True,98,64.79731625524377,4.972906460535572,79.65310835650658,0.5798816568047337,0.0
142,24,4.67,0.17,0.34,20,0,XVI,15873,,False,4,,,15.12001512001512,0.16666666666666666,0.0
143,17,2.75,0.13,0.55,12,0,XVI,22471,,False,5,,,7.565306394908994,0.29411764705882354,0.0
144,27,5.46,0.18,0.5,24,0,XVI,9457,,False,3,,,28.55028021571323,0.1111111111111111,0.0
